{"$schema":"http://schema.management.azure.com/schemas/2015-01-01/deploymentTemplate.json#","contentVersion":"1.0.0.0","parameters":{"workspaceName":{"type":"string","metadata":"Workspace name","defaultValue":"onasynapseljdk5xxwtgp3e"},"Microsoft365":{"type":"string"},"ADLSona":{"type":"string"}},"variables":{"workspaceId":"[concat('Microsoft.Synapse/workspaces/', parameters('workspaceName'))]"},"resources":[{"name":"[concat(parameters('workspaceName'), '/ONA')]","type":"Microsoft.Synapse/workspaces/pipelines","apiVersion":"2019-06-01-preview","properties":{"activities":[{"name":"If GetUserData is true","type":"IfCondition","dependsOn":[{"activity":"Set User FolderName","dependencyConditions":["Succeeded"]}],"userProperties":[],"typeProperties":{"expression":{"value":"@pipeline().parameters.GetUserData","type":"Expression"},"ifTrueActivities":[{"name":"Copy User","type":"Copy","dependsOn":[],"policy":{"timeout":"0.12:00:00","retry":0,"retryIntervalInSeconds":30,"secureOutput":false,"secureInput":false},"userProperties":[],"typeProperties":{"source":{"type":"Office365Source","outputColumns":[{"name":"country"},{"name":"department"},{"name":"id"},{"name":"jobTitle"},{"name":"mail"},{"name":"preferredLanguage"},{"name":"state"}]},"sink":{"type":"BinarySink","storeSettings":{"type":"AzureBlobFSWriteSettings"}},"enableStaging":false},"inputs":[{"referenceName":"Microsoft365UserTable","type":"DatasetReference","parameters":{}}],"outputs":[{"referenceName":"UserSink","type":"DatasetReference","parameters":{"FolderName":{"value":"@variables('UserFolderName')","type":"Expression"}}}]}]}},{"name":"If GetEmailData is true","type":"IfCondition","dependsOn":[{"activity":"Set Email FolderName","dependencyConditions":["Succeeded"]}],"userProperties":[],"typeProperties":{"expression":{"value":"@pipeline().parameters.GetEmailData","type":"Expression"},"ifTrueActivities":[{"name":"Copy Email","type":"Copy","dependsOn":[],"policy":{"timeout":"0.12:00:00","retry":0,"retryIntervalInSeconds":30,"secureOutput":false,"secureInput":false},"userProperties":[],"typeProperties":{"source":{"type":"Office365Source","dateFilterColumn":"sentDateTime","startTime":{"value":"@formatDateTime(pipeline().parameters.StartDate)","type":"Expression"},"endTime":{"value":"@formatDateTime(pipeline().parameters.EndDate)","type":"Expression"},"outputColumns":[{"name":"receivedDateTime"},{"name":"sentDateTime"},{"name":"sender"},{"name":"from"},{"name":"toRecipients"},{"name":"ccRecipients"},{"name":"bccRecipients"},{"name":"conversationId"},{"name":"isRead"},{"name":"createdDateTime"},{"name":"id"},{"name":"conversationIndex"}]},"sink":{"type":"BinarySink","storeSettings":{"type":"AzureBlobFSWriteSettings"}},"enableStaging":false},"inputs":[{"referenceName":"Microsoft365EmailTable","type":"DatasetReference","parameters":{}}],"outputs":[{"referenceName":"EmailSink","type":"DatasetReference","parameters":{"FolderName":{"value":"@variables('EmailFolderName')","type":"Expression"}}}]}]}},{"name":"If GetTeamsChatData is true","type":"IfCondition","dependsOn":[{"activity":"Set TeamsChat FolderName","dependencyConditions":["Succeeded"]}],"userProperties":[],"typeProperties":{"expression":{"value":"@pipeline().parameters.GetTeamsChatData","type":"Expression"},"ifTrueActivities":[{"name":"Copy TeamsChat","type":"Copy","dependsOn":[],"policy":{"timeout":"0.12:00:00","retry":0,"retryIntervalInSeconds":30,"secureOutput":false,"secureInput":false},"userProperties":[],"typeProperties":{"source":{"type":"Office365Source","dateFilterColumn":"SentDateTime","startTime":{"value":"@formatDateTime(pipeline().parameters.StartDate)","type":"Expression"},"endTime":{"value":"@formatDateTime(pipeline().parameters.EndDate)","type":"Expression"},"outputColumns":[{"name":"Id"},{"name":"ReceivedDateTime"},{"name":"SentDateTime"},{"name":"InternetMessageId"},{"name":"ConversationId"},{"name":"ConversationIndex"},{"name":"Sender"},{"name":"From"},{"name":"ToRecipients"}]},"sink":{"type":"BinarySink","storeSettings":{"type":"AzureBlobFSWriteSettings"}},"enableStaging":false},"inputs":[{"referenceName":"Microsoft365TeamsChatTable","type":"DatasetReference","parameters":{}}],"outputs":[{"referenceName":"TeamsChatSink","type":"DatasetReference","parameters":{"FolderName":{"value":"@variables('TeamsChatFolderName')","type":"Expression"}}}]}]}},{"name":"If GetCalendarData is true","type":"IfCondition","dependsOn":[{"activity":"Set Calendar FileName","dependencyConditions":["Succeeded"]}],"userProperties":[],"typeProperties":{"expression":{"value":"@pipeline().parameters.GetCalendarData","type":"Expression"},"ifTrueActivities":[{"name":"Copy Calendar","type":"Copy","dependsOn":[],"policy":{"timeout":"0.12:00:00","retry":0,"retryIntervalInSeconds":30,"secureOutput":false,"secureInput":false},"userProperties":[],"typeProperties":{"source":{"type":"Office365Source","startTime":{"value":"@formatDateTime(pipeline().parameters.StartDate)","type":"Expression"},"endTime":{"value":"@formatDateTime(pipeline().parameters.EndDate)","type":"Expression"},"outputColumns":[{"name":"id"},{"name":"createdDateTime"},{"name":"iCalUId"},{"name":"start"},{"name":"end"},{"name":"isAllDay"},{"name":"isCancelled"},{"name":"attendees"},{"name":"organizer"}]},"sink":{"type":"BinarySink","storeSettings":{"type":"AzureBlobFSWriteSettings"}},"enableStaging":false},"inputs":[{"referenceName":"Microsoft365CalendarTable","type":"DatasetReference","parameters":{}}],"outputs":[{"referenceName":"CalendarSink","type":"DatasetReference","parameters":{"FolderName":{"value":"@variables('CalendarFolderName')","type":"Expression"}}}]}]}},{"name":"Run ONA Notebook","type":"SynapseNotebook","dependsOn":[{"activity":"Convert StorageUrl to Abfss Path","dependencyConditions":["Succeeded"]}],"policy":{"timeout":"0.12:00:00","retry":0,"retryIntervalInSeconds":30,"secureOutput":false,"secureInput":false},"userProperties":[],"typeProperties":{"notebook":{"referenceName":"ONA","type":"NotebookReference"},"parameters":{"calendarPath":{"value":{"value":"@concat(variables('StorageAbfssPath'), variables('CalendarFolderName'))","type":"Expression"},"type":"string"},"emailPath":{"value":{"value":"@concat(variables('StorageAbfssPath'), variables('EmailFolderName'))\n","type":"Expression"},"type":"string"},"teamsChatPath":{"value":{"value":"@concat(variables('StorageAbfssPath'), variables('TeamsChatFolderName'))","type":"Expression"},"type":"string"},"userPath":{"value":{"value":"@concat(variables('StorageAbfssPath'), variables('UserFolderName'))","type":"Expression"},"type":"string"},"usersOutputPath":{"value":{"value":"@concat(replace(variables('StorageAbfssPath'),'mgdc@','output@'),'users_', pipeline().parameters.StartDate, '_to_', pipeline().parameters.EndDate)","type":"Expression"},"type":"string"},"interactionsOutputPath":{"value":{"value":"@concat(replace(variables('StorageAbfssPath'),'mgdc@','output@'),'interactions_', pipeline().parameters.StartDate, '_to_', pipeline().parameters.EndDate)","type":"Expression"},"type":"string"},"period":{"value":{"value":"@concat(pipeline().parameters.StartDate, ' to ', pipeline().parameters.EndDate)","type":"Expression"},"type":"string"},"obfuscateEmails":{"value":{"value":"@bool(1)","type":"Expression"},"type":"bool"},"outputFormat":{"value":{"value":"@pipeline().parameters.OutputFormat","type":"Expression"},"type":"string"}},"snapshot":true,"executorSize":null,"conf":{"spark.dynamicAllocation.enabled":null,"spark.dynamicAllocation.minExecutors":null,"spark.dynamicAllocation.maxExecutors":null},"driverSize":null,"numExecutors":null}},{"name":"Set User FolderName","type":"SetVariable","dependsOn":[],"userProperties":[],"typeProperties":{"variableName":"UserFolderName","value":{"value":"@concat('user_', pipeline().parameters.StartDate, '_to_', pipeline().parameters.EndDate)","type":"Expression"}}},{"name":"Set Email FolderName","type":"SetVariable","dependsOn":[],"userProperties":[],"typeProperties":{"variableName":"EmailFolderName","value":{"value":"@concat('email_', pipeline().parameters.StartDate, '_to_', pipeline().parameters.EndDate)","type":"Expression"}}},{"name":"Set TeamsChat FolderName","type":"SetVariable","dependsOn":[],"userProperties":[],"typeProperties":{"variableName":"TeamsChatFolderName","value":{"value":"@concat('teamschat_', pipeline().parameters.StartDate, '_to_', pipeline().parameters.EndDate)","type":"Expression"}}},{"name":"Set Calendar FileName","type":"SetVariable","dependsOn":[],"userProperties":[],"typeProperties":{"variableName":"CalendarFolderName","value":{"value":"@concat('calendar_', pipeline().parameters.StartDate, '_to_', pipeline().parameters.EndDate)","type":"Expression"}}},{"name":"Convert StorageUrl to Abfss Path","type":"SetVariable","dependsOn":[{"activity":"If GetCalendarData is true","dependencyConditions":["Succeeded"]},{"activity":"If GetTeamsChatData is true","dependencyConditions":["Succeeded"]},{"activity":"If GetEmailData is true","dependencyConditions":["Succeeded"]},{"activity":"If GetUserData is true","dependencyConditions":["Succeeded"]}],"userProperties":[],"typeProperties":{"variableName":"StorageAbfssPath","value":{"value":"@concat(replace(replace(trim(pipeline().parameters.StorageUrl), 'https://', 'abfss://mgdc@'),'dfs.core.windows.net/','dfs.core.windows.net'),'/')\n","type":"Expression"}}}],"policy":{"elapsedTimeMetric":{},"cancelAfter":{}},"parameters":{"StartDate":{"type":"string"},"EndDate":{"type":"string"},"StorageUrl":{"type":"string","defaultValue":"https://<your-storage-account>.dfs.core.windows.net/"},"GetUserData":{"type":"bool","defaultValue":true},"GetEmailData":{"type":"bool","defaultValue":true},"GetCalendarData":{"type":"bool","defaultValue":true},"GetTeamsChatData":{"type":"bool","defaultValue":true},"OutputFormat":{"type":"string","defaultValue":"csv"}},"variables":{"CalendarFolderName":{"type":"String"},"EmailFolderName":{"type":"String"},"TeamsChatFolderName":{"type":"String"},"UserFolderName":{"type":"String"},"StorageAbfssPath":{"type":"String"}},"annotations":[],"lastPublishTime":"2023-03-08T19:49:25Z"},"dependsOn":["[concat(variables('workspaceId'), '/notebooks/ONA')]","[concat(variables('workspaceId'), '/datasets/Microsoft365UserTable')]","[concat(variables('workspaceId'), '/datasets/UserSink')]","[concat(variables('workspaceId'), '/datasets/Microsoft365EmailTable')]","[concat(variables('workspaceId'), '/datasets/EmailSink')]","[concat(variables('workspaceId'), '/datasets/Microsoft365TeamsChatTable')]","[concat(variables('workspaceId'), '/datasets/TeamsChatSink')]","[concat(variables('workspaceId'), '/datasets/Microsoft365CalendarTable')]","[concat(variables('workspaceId'), '/datasets/CalendarSink')]"]},{"name":"[concat(parameters('workspaceName'), '/ONA')]","type":"Microsoft.Synapse/workspaces/notebooks","apiVersion":"2019-06-01-preview","properties":{"nbformat":4,"nbformat_minor":2,"bigDataPool":{"referenceName":"onasynapsepool","type":"BigDataPoolReference"},"sessionProperties":{"driverMemory":"28g","driverCores":4,"executorMemory":"28g","executorCores":4,"numExecutors":2,"runAsWorkspaceSystemIdentity":false,"conf":{"spark.dynamicAllocation.enabled":"false","spark.dynamicAllocation.minExecutors":"2","spark.dynamicAllocation.maxExecutors":"2","spark.autotune.trackingId":"e240299f-6662-4717-a3b6-febb14a11faf"}},"metadata":{"saveOutput":true,"synapse_widget":{"version":"0.1","state":{}},"enableDebugMode":false,"kernelspec":{"name":"synapse_pyspark","display_name":"Synapse PySpark"},"language_info":{"name":"python"},"a365ComputeOptions":{"id":"/subscriptions/30a81c99-6121-40ba-99d7-ac674961cd7e/resourceGroups/ONA_demo_RG_yashah/providers/Microsoft.Synapse/workspaces/onasynapseljdk5xxwtgp3e/bigDataPools/onasynapsepool","name":"onasynapsepool","type":"Spark","endpoint":"https://onasynapseljdk5xxwtgp3e.dev.azuresynapse.net/livyApi/versions/2019-11-01-preview/sparkPools/onasynapsepool","auth":{"type":"AAD","authResource":"https://dev.azuresynapse.net"},"sparkVersion":"3.1","nodeCount":3,"cores":4,"memory":28,"automaticScaleJobs":false},"sessionKeepAliveTimeout":30},"cells":[{"cell_type":"code","metadata":{"jupyter":{"source_hidden":false,"outputs_hidden":false},"nteract":{"transient":{"deleting":false}},"tags":["parameters"]},"source":["# Default parameters that can be freely changed or overriden by pipeline run \r\n","\r\n","# Inputs\r\n","calendarPath = \"abfss://mgdc@onastoreljdk5xxwtgp3e.dfs.core.windows.net/calendar_2022-06-01_to_2022-11-07/\"\r\n","emailPath = \"abfss://mgdc@onastoreljdk5xxwtgp3e.dfs.core.windows.net/email_2022-06-01_to_2022-11-07/\"\r\n","teamsChatPath = \"abfss://mgdc@onastoreljdk5xxwtgp3e.dfs.core.windows.net/teamschat_2022-06-01_to_2022-11-07/\"\r\n","userPath = \"abfss://mgdc@onastoreljdk5xxwtgp3e.dfs.core.windows.net/user_2022-06-01_to_2022-11-07/\"\r\n","\r\n","#Output Format: Can be csv or parquet\r\n","outputFormat = \"csv\"\r\n","\r\n","# Output path of user vertices\r\n","usersOutputPath = \"abfss://output@onastoreljdk5xxwtgp3e.dfs.core.windows.net/users_2022-06-01_to_2022-11-07\"\r\n","# usersOutputPathParquet = \"abfss://output@onastoreljdk5xxwtgp3e.dfs.core.windows.net/users_2022-06-01_to_2022-11-07\"\r\n","\r\n","# Output path of user to user edges\r\n","interactionsOutputPath = \"abfss://output@onastoreljdk5xxwtgp3e.dfs.core.windows.net/interactions_2022-06-01_to_2022-11-07\"\r\n","# interactionsOutputPathParquet = \"abfss://output@onastoreljdk5xxwtgp3e.dfs.core.windows.net/interactions_2022-06-01_to_2022-11-07\"\r\n","\r\n","# StartDate/EndDate for this run that is denormalized to users and interactions tables\r\n","period = \"2022-06-01 to 2022-11-07\"\r\n","\r\n","# Whether or not to md5 hash the input user emails\r\n","obfuscateEmails = True\r\n","\r\n","#Set User Output Path\r\n","# if outputFormat == \"csv\":\r\n","#     usersOutputPath = usersOutputPathCSV+\".\"+outputFormat\r\n","# elif outputFormat == \"parquet\":\r\n","#     usersOutputPath = usersOutputPathParquet+\".\"+outputFormat\r\n","\r\n","# #Set Interactions Output Path\r\n","# if outputFormat == \"csv\":\r\n","#     interactionsOutputPath = interactionsOutputPath+\".\"+outputFormat\r\n","# elif outputFormat == \"parquet\":\r\n","#     interactionsOutputPath = interactionsOutputPath+\".\"+outputFormat"],"outputs":[{"output_type":"display_data","data":{"application/vnd.livy.statement-meta+json":{"spark_pool":"onasynapsepool","session_id":"28","statement_id":50,"state":"finished","livy_statement_state":"available","queued_time":"2023-03-09T18:23:35.8578647Z","session_start_time":null,"execution_start_time":"2023-03-09T18:23:35.9896696Z","execution_finish_time":"2023-03-09T18:23:36.1612272Z","spark_jobs":null,"parent_msg_id":"bdb6c20b-0606-4ec0-88b9-6af6f69f17b2"},"text/plain":"StatementMeta(onasynapsepool, 28, 50, Finished, Available)"},"metadata":{}}],"execution_count":88},{"cell_type":"code","metadata":{"microsoft":{},"collapsed":false},"source":["# Load data\r\n","meetingsRaw = spark.read.json(calendarPath)\r\n","emailsRaw = spark.read.json(emailPath)\r\n","teamschatsRaw = spark.read.json(teamsChatPath)\r\n","usersRaw = spark.read.json(userPath)"],"outputs":[{"output_type":"display_data","data":{"application/vnd.livy.statement-meta+json":{"spark_pool":"onasynapsepool","session_id":"28","statement_id":51,"state":"finished","livy_statement_state":"available","queued_time":"2023-03-09T18:23:36.9135677Z","session_start_time":null,"execution_start_time":"2023-03-09T18:23:37.0642958Z","execution_finish_time":"2023-03-09T18:23:39.8960832Z","spark_jobs":null,"parent_msg_id":"9269b1b8-69c9-4719-9e8b-ad84a9176c67"},"text/plain":"StatementMeta(onasynapsepool, 28, 51, Finished, Available)"},"metadata":{}}],"execution_count":89},{"cell_type":"code","metadata":{"jupyter":{"source_hidden":false,"outputs_hidden":false},"nteract":{"transient":{"deleting":false}}},"source":["# Drop duplicates\r\n","usersDedup = usersRaw.dropDuplicates([\"puser\"])\r\n","emailsDedup = emailsRaw.dropDuplicates([\"Id\"]).select(\"Sender\", \"ToRecipients\")\r\n","teamschatsDedup = teamschatsRaw.dropDuplicates([\"Id\"]).select(\"Sender\", \"ToRecipients\")\r\n","meetingsDedup = meetingsRaw.dropDuplicates([\"Id\"]).select(\"organizer\", \"attendees\")"],"outputs":[{"output_type":"display_data","data":{"application/vnd.livy.statement-meta+json":{"spark_pool":"onasynapsepool","session_id":"28","statement_id":52,"state":"finished","livy_statement_state":"available","queued_time":"2023-03-09T18:23:41.5837558Z","session_start_time":null,"execution_start_time":"2023-03-09T18:23:41.7232758Z","execution_finish_time":"2023-03-09T18:23:41.8794948Z","spark_jobs":null,"parent_msg_id":"a07cd310-dbc7-47c9-a1d7-12b8d9b920ed"},"text/plain":"StatementMeta(onasynapsepool, 28, 52, Finished, Available)"},"metadata":{}}],"execution_count":90},{"cell_type":"code","metadata":{"jupyter":{"source_hidden":false,"outputs_hidden":false},"nteract":{"transient":{"deleting":false}}},"source":["from pyspark.sql.functions import coalesce, col, count, explode, format_number, isnull, lit, md5, rand, size, udf\r\n","import pyspark.sql.functions as F\r\n","from pyspark.sql import types as t"],"outputs":[{"output_type":"display_data","data":{"application/vnd.livy.statement-meta+json":{"spark_pool":"onasynapsepool","session_id":"28","statement_id":53,"state":"finished","livy_statement_state":"available","queued_time":"2023-03-09T18:23:42.5735397Z","session_start_time":null,"execution_start_time":"2023-03-09T18:23:42.7115142Z","execution_finish_time":"2023-03-09T18:23:42.8790211Z","spark_jobs":null,"parent_msg_id":"a9746cee-bc23-495c-8a22-c7ce65e1d700"},"text/plain":"StatementMeta(onasynapsepool, 28, 53, Finished, Available)"},"metadata":{}}],"execution_count":91},{"cell_type":"code","metadata":{"jupyter":{"source_hidden":false,"outputs_hidden":false},"nteract":{"transient":{"deleting":false}},"collapsed":false},"source":["# Get the user email addresses and filter emails, teamschat, and meetings to only contain edges with those users\r\n","usersEmailAddresses = usersDedup.selectExpr(\"lower(mail) as id\")"],"outputs":[{"output_type":"display_data","data":{"application/vnd.livy.statement-meta+json":{"spark_pool":"onasynapsepool","session_id":"28","statement_id":54,"state":"finished","livy_statement_state":"available","queued_time":"2023-03-09T18:23:43.546596Z","session_start_time":null,"execution_start_time":"2023-03-09T18:23:43.6805435Z","execution_finish_time":"2023-03-09T18:23:43.8483281Z","spark_jobs":null,"parent_msg_id":"2c853f2c-9fe8-4289-937d-c0aafce5d6ba"},"text/plain":"StatementMeta(onasynapsepool, 28, 54, Finished, Available)"},"metadata":{}}],"execution_count":92},{"cell_type":"code","metadata":{"jupyter":{"source_hidden":false,"outputs_hidden":false},"nteract":{"transient":{"deleting":false}},"collapsed":false},"source":["# Explode row with one sender -> N recipients into N rows\r\n","# Filter to only keep emails with 5 or less recipients\r\n","emails = emailsDedup.where(size(col(\"ToRecipients\")) <= 5) \\\r\n","                    .select(F.lower(col(\"Sender.EmailAddress.Address\")).alias(\"sender\"), explode(col(\"ToRecipients\")).alias(\"exploded\")) \\\r\n","                    .join(usersEmailAddresses, col(\"id\") == col(\"sender\"), \"inner\").drop(\"id\") \\\r\n","                    .join(usersEmailAddresses, col(\"id\") == F.lower(col(\"exploded.EmailAddress.Address\")), \"inner\").drop(\"id\") \\\r\n","                    .withColumn(\"src\", col(\"sender\")) \\\r\n","                    .withColumn(\"dst\", F.lower(col(\"exploded.EmailAddress.Address\"))) \\\r\n","                    .select(col(\"src\"), col(\"dst\")) \\\r\n","                    .where(col(\"src\") != col(\"dst\"))\r\n","if obfuscateEmails:\r\n","    emails = emails.withColumn(\"srcHash\", md5(col(\"src\"))) \\\r\n","                   .withColumn(\"dstHash\", md5(col(\"dst\"))) \\\r\n","                   .drop(\"src\", \"dst\").selectExpr(\"srcHash as src\", \"dstHash as dst\")"],"outputs":[{"output_type":"display_data","data":{"application/vnd.livy.statement-meta+json":{"spark_pool":"onasynapsepool","session_id":"28","statement_id":55,"state":"finished","livy_statement_state":"available","queued_time":"2023-03-09T18:23:44.4779364Z","session_start_time":null,"execution_start_time":"2023-03-09T18:23:44.6456239Z","execution_finish_time":"2023-03-09T18:23:44.8035859Z","spark_jobs":null,"parent_msg_id":"b195327a-31aa-41e4-8455-24efde6edf04"},"text/plain":"StatementMeta(onasynapsepool, 28, 55, Finished, Available)"},"metadata":{}}],"execution_count":93},{"cell_type":"code","metadata":{"jupyter":{"source_hidden":false,"outputs_hidden":false},"nteract":{"transient":{"deleting":false}},"collapsed":false},"source":["# Explode row with one sender -> N recipients into N rows\r\n","# Filter to only keep teamschat messages with 5 or less recipients\r\n","teamschats = teamschatsDedup.where(size(col(\"ToRecipients\")) <= 5) \\\r\n","                            .select(F.lower(col(\"Sender.EmailAddress.Address\")).alias(\"sender\"), explode(col(\"ToRecipients\")).alias(\"exploded\")) \\\r\n","                            .join(usersEmailAddresses, col(\"id\") == col(\"sender\"), \"inner\").drop(\"id\") \\\r\n","                            .join(usersEmailAddresses, col(\"id\") == F.lower(col(\"exploded.EmailAddress.Address\")), \"inner\").drop(\"id\") \\\r\n","                            .withColumn(\"src\", col(\"sender\")) \\\r\n","                            .withColumn(\"dst\", F.lower(col(\"exploded.EmailAddress.Address\"))) \\\r\n","                            .select(col(\"src\"), col(\"dst\")) \\\r\n","                            .where(col(\"src\") != col(\"dst\"))\r\n","if obfuscateEmails:\r\n","    teamschats = teamschats.withColumn(\"srcHash\", md5(col(\"src\"))) \\\r\n","                           .withColumn(\"dstHash\", md5(col(\"dst\"))) \\\r\n","                           .drop(\"src\", \"dst\").selectExpr(\"srcHash as src\", \"dstHash as dst\")"],"outputs":[{"output_type":"display_data","data":{"application/vnd.livy.statement-meta+json":{"spark_pool":"onasynapsepool","session_id":"28","statement_id":56,"state":"finished","livy_statement_state":"available","queued_time":"2023-03-09T18:23:45.4673028Z","session_start_time":null,"execution_start_time":"2023-03-09T18:23:45.5943479Z","execution_finish_time":"2023-03-09T18:23:45.7540381Z","spark_jobs":null,"parent_msg_id":"0968a7ea-d2bb-409b-b61d-fc2617626965"},"text/plain":"StatementMeta(onasynapsepool, 28, 56, Finished, Available)"},"metadata":{}}],"execution_count":94},{"cell_type":"code","metadata":{"jupyter":{"source_hidden":false,"outputs_hidden":false},"nteract":{"transient":{"deleting":false}},"collapsed":false},"source":["# Explode row with one organizer -> N attendees into N rows\r\n","# Filter to only keep meetings with 5 or less attendees\r\n","meetings = meetingsDedup.where(size(col(\"attendees\")) <= 5) \\\r\n","                        .select(F.lower(col(\"organizer.emailAddress.address\")).alias(\"sender\"), explode(col(\"attendees\")).alias(\"exploded\")) \\\r\n","                        .join(usersEmailAddresses, col(\"id\") == col(\"sender\"), \"inner\").drop(\"id\") \\\r\n","                        .join(usersEmailAddresses, col(\"id\") == F.lower(col(\"exploded.EmailAddress.Address\")), \"inner\").drop(\"id\") \\\r\n","                        .withColumn(\"src\", col(\"sender\")) \\\r\n","                        .withColumn(\"dst\", F.lower(col(\"exploded.EmailAddress.Address\"))) \\\r\n","                        .select(col(\"src\"), col(\"dst\")) \\\r\n","                        .where(col(\"src\") != col(\"dst\"))\r\n","if obfuscateEmails:\r\n","    meetings = meetings.withColumn(\"srcHash\", md5(col(\"src\"))) \\\r\n","                   .withColumn(\"dstHash\", md5(col(\"dst\"))) \\\r\n","                   .drop(\"src\", \"dst\").selectExpr(\"srcHash as src\", \"dstHash as dst\")"],"outputs":[{"output_type":"display_data","data":{"application/vnd.livy.statement-meta+json":{"spark_pool":"onasynapsepool","session_id":"28","statement_id":57,"state":"finished","livy_statement_state":"available","queued_time":"2023-03-09T18:23:46.4419361Z","session_start_time":null,"execution_start_time":"2023-03-09T18:23:46.5944077Z","execution_finish_time":"2023-03-09T18:23:46.7589535Z","spark_jobs":null,"parent_msg_id":"c192202c-35c8-4af5-9dbe-f4c5ce93f2d8"},"text/plain":"StatementMeta(onasynapsepool, 28, 57, Finished, Available)"},"metadata":{}}],"execution_count":95},{"cell_type":"code","metadata":{"jupyter":{"source_hidden":false,"outputs_hidden":false},"nteract":{"transient":{"deleting":false}},"collapsed":false},"source":["# Join after counting all email, teamsChat, meeting\r\n","emailEdges = emails.groupBy(\"src\", \"dst\").count().select(col(\"src\").alias(\"src1\"), col(\"dst\").alias(\"dst1\"), col(\"count\").alias(\"numEmail\"))\r\n","teamsChatEdges = teamschats.groupBy(\"src\", \"dst\").count().select(col(\"src\").alias(\"src2\"), col(\"dst\").alias(\"dst2\"), col(\"count\").alias(\"numTeamsChat\"))\r\n","meetingEdges = meetings.groupBy(\"src\", \"dst\").count().select(col(\"src\").alias(\"src3\"), col(\"dst\").alias(\"dst3\"), col(\"count\").alias(\"numMeeting\"))\r\n","\r\n","allEdges = emailEdges.alias(\"e\").join(teamsChatEdges.alias(\"t\"), (col(\"src1\") == col(\"src2\")) & (col(\"dst1\") == col(\"dst2\")), \"full\") \\\r\n","                                .join(meetingEdges.alias(\"m\"), (col(\"src1\") == col(\"src3\")) & (col(\"dst1\") == col(\"dst3\")), \"full\")"],"outputs":[{"output_type":"display_data","data":{"application/vnd.livy.statement-meta+json":{"spark_pool":"onasynapsepool","session_id":"28","statement_id":58,"state":"finished","livy_statement_state":"available","queued_time":"2023-03-09T18:23:47.4581227Z","session_start_time":null,"execution_start_time":"2023-03-09T18:23:47.5916952Z","execution_finish_time":"2023-03-09T18:23:47.7568221Z","spark_jobs":null,"parent_msg_id":"a5f022c8-82de-49d4-adb0-a8e1bc82fa97"},"text/plain":"StatementMeta(onasynapsepool, 28, 58, Finished, Available)"},"metadata":{}}],"execution_count":96},{"cell_type":"code","metadata":{"jupyter":{"source_hidden":false,"outputs_hidden":false},"nteract":{"transient":{"deleting":false}},"collapsed":false},"source":["# Coalesce together src/dst duplicate columns after join\r\n","teamsChatToEmailRatio = 8.0 # interaction ratio for teamschat to email\r\n","edgesRenamed = allEdges.select(\r\n","    coalesce( *[col(c) for c in [\"src1\", \"src2\", \"src3\"]]).alias(\"Source\"),\r\n","    coalesce( *[col(c) for c in [\"dst1\", \"dst2\", \"dst3\"]]).alias(\"Target\"),\r\n","    col(\"numEmail\").alias(\"InteractionsEmail\"),\r\n","    col(\"numTeamsChat\").alias(\"InteractionsTeamsChat\"),\r\n","    col(\"numMeeting\").alias(\"InteractionsMeetings\")\r\n",").fillna(0) \\\r\n"," .withColumn(\"Interactions\", (col(\"InteractionsEmail\") + col(\"InteractionsMeetings\") + F.round(col(\"InteractionsTeamsChat\")/teamsChatToEmailRatio)).cast('int')) \\\r\n"," .withColumn(\"Period\", lit(period))\r\n","if outputFormat == \"csv\":\r\n","    edgesRenamed.coalesce(1).write.option(\"header\", True).mode(\"overwrite\").csv(interactionsOutputPath)\r\n","elif outputFormat == \"parquet\":\r\n","    edgesRenamed.coalesce(1).write.option(\"header\", True).mode(\"overwrite\").parquet(interactionsOutputPath)"],"outputs":[{"output_type":"display_data","data":{"application/vnd.livy.statement-meta+json":{"spark_pool":"onasynapsepool","session_id":"28","statement_id":59,"state":"finished","livy_statement_state":"available","queued_time":"2023-03-09T18:23:48.4623339Z","session_start_time":null,"execution_start_time":"2023-03-09T18:23:48.6143547Z","execution_finish_time":"2023-03-09T18:24:01.3865999Z","spark_jobs":null,"parent_msg_id":"b0be6e0b-b714-4a90-84bb-840441556c69"},"text/plain":"StatementMeta(onasynapsepool, 28, 59, Finished, Available)"},"metadata":{}}],"execution_count":97},{"cell_type":"code","metadata":{"jupyter":{"source_hidden":false,"outputs_hidden":false},"nteract":{"transient":{"deleting":false}},"collapsed":false},"source":["eventsOrganized = meetings.groupBy(\"src\").count().withColumnRenamed(\"count\", \"NumberOfEventsOrganized\")\r\n","eventsAttended = meetings.groupBy(\"dst\").count().withColumnRenamed(\"count\", \"NumberOfEventsAttended\")\r\n","emailsSent = emails.groupBy(\"src\").count().withColumnRenamed(\"count\", \"NumberOfEmailsSent\")\r\n","emailsReceived = emails.groupBy(\"dst\").count().withColumnRenamed(\"count\", \"NumberOfEmailsReceived\")\r\n","teamsChatsSent = teamschats.groupBy(\"src\").count().withColumnRenamed(\"count\", \"NumberOfChatsSent\")\r\n","teamsChatsReceived = teamschats.groupBy(\"dst\").count().withColumnRenamed(\"count\", \"NumberOfChatsReceived\")"],"outputs":[{"output_type":"display_data","data":{"application/vnd.livy.statement-meta+json":{"spark_pool":"onasynapsepool","session_id":"28","statement_id":60,"state":"finished","livy_statement_state":"available","queued_time":"2023-03-09T18:23:50.2246285Z","session_start_time":null,"execution_start_time":"2023-03-09T18:24:01.5390268Z","execution_finish_time":"2023-03-09T18:24:01.6931417Z","spark_jobs":null,"parent_msg_id":"caebf50c-0d77-44f3-a32a-aa04c3ae23cb"},"text/plain":"StatementMeta(onasynapsepool, 28, 60, Finished, Available)"},"metadata":{}}],"execution_count":98},{"cell_type":"code","metadata":{"jupyter":{"source_hidden":false,"outputs_hidden":false},"nteract":{"transient":{"deleting":false}},"collapsed":false},"source":["# Select user properties for output and join all raw email/teamschat/meeting counts\r\n","if obfuscateEmails:\r\n","    usersDedup = usersDedup.withColumn(\"EmailAddress\",  md5(F.lower(col(\"mail\"))))\r\n","else:\r\n","    usersDedup = usersDedup.withColumn(\"EmailAddress\", F.lower(col(\"mail\")))\r\n","usersRenamed = usersDedup.selectExpr(\"EmailAddress\", \"department as Department\", \"jobTitle as Title\", \"state as StateOrProvince\",\r\n","                                     \"country as Country\",\"preferredLanguage as Languages\",\"ptenant as TenantID\")\r\n","usersJoined = usersRenamed.join(eventsOrganized, col(\"src\") == col(\"EmailAddress\"), \"left\").drop(\"src\") \\\r\n","                          .join(eventsAttended, col(\"dst\") == col(\"EmailAddress\"), \"left\").drop(\"dst\") \\\r\n","                          .join(emailsSent, col(\"src\") == col(\"EmailAddress\"), \"left\").drop(\"src\") \\\r\n","                          .join(emailsReceived, col(\"dst\") == col(\"EmailAddress\"), \"left\").drop(\"dst\") \\\r\n","                          .join(teamsChatsSent, col(\"src\") == col(\"EmailAddress\"), \"left\").drop(\"src\") \\\r\n","                          .join(teamsChatsReceived, col(\"dst\") == col(\"EmailAddress\"), \"left\").drop(\"dst\") \\\r\n","                          .fillna(0)\r\n","numUsers = usersJoined.count()"],"outputs":[{"output_type":"display_data","data":{"application/vnd.livy.statement-meta+json":{"spark_pool":"onasynapsepool","session_id":"28","statement_id":61,"state":"finished","livy_statement_state":"available","queued_time":"2023-03-09T18:24:10.4019957Z","session_start_time":null,"execution_start_time":"2023-03-09T18:24:10.5409999Z","execution_finish_time":"2023-03-09T18:24:31.5679992Z","spark_jobs":null,"parent_msg_id":"78944869-134c-4725-8e55-cbb6ed509a29"},"text/plain":"StatementMeta(onasynapsepool, 28, 61, Finished, Available)"},"metadata":{}}],"execution_count":99},{"cell_type":"code","metadata":{"jupyter":{"source_hidden":false,"outputs_hidden":false},"nteract":{"transient":{"deleting":false}}},"source":["# Calculate out-degrees and in-degrees based on number of connections\r\n","outDegreeEdges = edgesRenamed.where(col(\"Interactions\") > 0).groupBy(\"Source\").count().select(col(\"Source\"), col(\"count\").alias(\"Out-DegreeIndex\"))\r\n","inDegreeEdges = edgesRenamed.where(col(\"Interactions\") > 0).groupBy(\"Target\").count().select(col(\"Target\"), col(\"count\").alias(\"In-DegreeIndex\"))"],"outputs":[{"output_type":"display_data","data":{"application/vnd.livy.statement-meta+json":{"spark_pool":"onasynapsepool","session_id":"28","statement_id":62,"state":"finished","livy_statement_state":"available","queued_time":"2023-03-09T18:24:33.4268799Z","session_start_time":null,"execution_start_time":"2023-03-09T18:24:33.5713981Z","execution_finish_time":"2023-03-09T18:24:33.7554801Z","spark_jobs":null,"parent_msg_id":"ae77d2a5-be62-4497-8e84-21bdecf7a594"},"text/plain":"StatementMeta(onasynapsepool, 28, 62, Finished, Available)"},"metadata":{}}],"execution_count":100},{"cell_type":"code","metadata":{"jupyter":{"source_hidden":false,"outputs_hidden":false},"nteract":{"transient":{"deleting":false}}},"source":["# Construct networkx graph object\r\n","import networkx as nx\r\n","edges = edgesRenamed.selectExpr(\"Source as src\", \"Target as dst\")\r\n","edgesList = [(e.src, e.dst) for e in edges.collect()]\r\n","graph = nx.DiGraph()\r\n","graph.add_edges_from(edgesList)"],"outputs":[{"output_type":"display_data","data":{"application/vnd.livy.statement-meta+json":{"spark_pool":"onasynapsepool","session_id":"28","statement_id":63,"state":"finished","livy_statement_state":"available","queued_time":"2023-03-09T18:24:34.2533588Z","session_start_time":null,"execution_start_time":"2023-03-09T18:24:34.3946886Z","execution_finish_time":"2023-03-09T18:24:47.2930129Z","spark_jobs":null,"parent_msg_id":"25515abd-024b-4da2-b314-99c64c698a83"},"text/plain":"StatementMeta(onasynapsepool, 28, 63, Finished, Available)"},"metadata":{}}],"execution_count":101},{"cell_type":"code","metadata":{"jupyter":{"source_hidden":false,"outputs_hidden":false},"nteract":{"transient":{"deleting":false}}},"source":["# Calculate Influence Index based on page rank\r\n","graphPageRank = nx.pagerank(graph, alpha=0.85, personalization=None, max_iter=100, tol=0.001, nstart=None, weight=None, dangling=None)"],"outputs":[{"output_type":"display_data","data":{"application/vnd.livy.statement-meta+json":{"spark_pool":"onasynapsepool","session_id":"28","statement_id":64,"state":"finished","livy_statement_state":"available","queued_time":"2023-03-09T18:24:36.3025703Z","session_start_time":null,"execution_start_time":"2023-03-09T18:24:47.4449947Z","execution_finish_time":"2023-03-09T18:24:47.6022597Z","spark_jobs":null,"parent_msg_id":"9c133c35-1483-46a9-808e-17988b0ca527"},"text/plain":"StatementMeta(onasynapsepool, 28, 64, Finished, Available)"},"metadata":{}}],"execution_count":102},{"cell_type":"code","metadata":{"jupyter":{"source_hidden":false,"outputs_hidden":false},"nteract":{"transient":{"deleting":false}}},"source":["# Define udf for adding page rank to dataframe\r\n","def getPageRank(x):\r\n","    return graphPageRank.get(x)\r\n","influenceIndexUdf = udf(getPageRank, t.FloatType())"],"outputs":[{"output_type":"display_data","data":{"application/vnd.livy.statement-meta+json":{"spark_pool":"onasynapsepool","session_id":"28","statement_id":65,"state":"finished","livy_statement_state":"available","queued_time":"2023-03-09T18:24:37.1598091Z","session_start_time":null,"execution_start_time":"2023-03-09T18:24:47.753134Z","execution_finish_time":"2023-03-09T18:24:47.9175509Z","spark_jobs":null,"parent_msg_id":"deeb3db3-b728-4153-85c4-f8d73b19bc8f"},"text/plain":"StatementMeta(onasynapsepool, 28, 65, Finished, Available)"},"metadata":{}}],"execution_count":103},{"cell_type":"code","metadata":{"jupyter":{"source_hidden":false,"outputs_hidden":false},"nteract":{"transient":{"deleting":false}}},"source":["# Calculate Betweeness Index\r\n","# Commented out since the complexity is O(EV) where E = edges, V = vertices\r\n","# This will be slow for larger graphs, roughly above 10K users\r\n","# graphBetweenness = nx.betweenness_centrality(graph)"],"outputs":[{"output_type":"display_data","data":{"application/vnd.livy.statement-meta+json":{"spark_pool":"onasynapsepool","session_id":"28","statement_id":66,"state":"finished","livy_statement_state":"available","queued_time":"2023-03-09T18:24:38.0603836Z","session_start_time":null,"execution_start_time":"2023-03-09T18:24:48.0640869Z","execution_finish_time":"2023-03-09T18:24:48.2279499Z","spark_jobs":null,"parent_msg_id":"a4652217-f42a-4f7b-af87-76c2ad6708e5"},"text/plain":"StatementMeta(onasynapsepool, 28, 66, Finished, Available)"},"metadata":{}}],"execution_count":104},{"cell_type":"code","metadata":{"jupyter":{"source_hidden":false,"outputs_hidden":false},"nteract":{"transient":{"deleting":false}}},"source":["# Define udf for adding betweeness to dataframe\r\n","# def getBetweeness(x):\r\n","#     return graphBetweenness.get(x)\r\n","# betweenessIndexUdf = udf(getBetweeness, t.FloatType())"],"outputs":[{"output_type":"display_data","data":{"application/vnd.livy.statement-meta+json":{"spark_pool":"onasynapsepool","session_id":"28","statement_id":67,"state":"finished","livy_statement_state":"available","queued_time":"2023-03-09T18:24:39.1776716Z","session_start_time":null,"execution_start_time":"2023-03-09T18:24:48.3990241Z","execution_finish_time":"2023-03-09T18:24:48.5690611Z","spark_jobs":null,"parent_msg_id":"9c5a9dc1-f076-4730-b218-2e44edd747cd"},"text/plain":"StatementMeta(onasynapsepool, 28, 67, Finished, Available)"},"metadata":{}}],"execution_count":105},{"cell_type":"code","metadata":{"jupyter":{"source_hidden":false,"outputs_hidden":false},"nteract":{"transient":{"deleting":false}}},"source":["# Calculate Community Bridging Index\r\n","from networkx.algorithms import community\r\n","\r\n","# Get community partitions and map all nodes to a community index\r\n","communities = community.asyn_lpa_communities(graph, weight=None, seed=None)\r\n","labelsMap = {}\r\n","label = 0\r\n","for comm in communities:\r\n","    for node in comm:\r\n","        labelsMap[node] = str(label)\r\n","    label += 1"],"outputs":[{"output_type":"display_data","data":{"application/vnd.livy.statement-meta+json":{"spark_pool":"onasynapsepool","session_id":"28","statement_id":68,"state":"finished","livy_statement_state":"available","queued_time":"2023-03-09T18:25:13.0589894Z","session_start_time":null,"execution_start_time":"2023-03-09T18:25:13.1932489Z","execution_finish_time":"2023-03-09T18:25:13.3531255Z","spark_jobs":null,"parent_msg_id":"54dacef3-bbf0-4266-b563-1734f2a79285"},"text/plain":"StatementMeta(onasynapsepool, 28, 68, Finished, Available)"},"metadata":{}}],"execution_count":106},{"cell_type":"code","metadata":{"jupyter":{"source_hidden":false,"outputs_hidden":false},"nteract":{"transient":{"deleting":false}}},"source":["# Construct udf for mapping users to community label\r\n","def getLabel(x):\r\n","    return labelsMap.get(x)\r\n","\r\n","labelUdf = udf(getLabel, t.StringType())"],"outputs":[{"output_type":"display_data","data":{"application/vnd.livy.statement-meta+json":{"spark_pool":"onasynapsepool","session_id":"28","statement_id":69,"state":"finished","livy_statement_state":"available","queued_time":"2023-03-09T18:25:13.99112Z","session_start_time":null,"execution_start_time":"2023-03-09T18:25:14.1274787Z","execution_finish_time":"2023-03-09T18:25:14.2903578Z","spark_jobs":null,"parent_msg_id":"1a239b1a-7927-47d8-98d5-cc9b4325e352"},"text/plain":"StatementMeta(onasynapsepool, 28, 69, Finished, Available)"},"metadata":{}}],"execution_count":107},{"cell_type":"code","metadata":{"jupyter":{"source_hidden":false,"outputs_hidden":false},"nteract":{"transient":{"deleting":false}}},"source":["# Counts how many communities C a user is connected to with an out edge, normalized by num of communities\r\n","# For all users, compute C / (num of Communities)\r\n","# 1 = they are connected to all communities\r\n","# 0 = they have no connections\r\n","\r\n","# enrich edges by mapping target dst node to community\r\n","edgesLabelled = edges.withColumn(\"Community\", labelUdf(col(\"dst\"))).drop(\"dst\").distinct()\r\n","\r\n","# group on src and count how many distinct community labelled targets each src has\r\n","communityBridging = edgesLabelled.groupBy(\"src\").count() \\\r\n","                                 .withColumn(\"CommunityBridgeIndex\", col(\"count\") / float(len(labelsMap))).drop(\"count\")"],"outputs":[{"output_type":"display_data","data":{"application/vnd.livy.statement-meta+json":{"spark_pool":"onasynapsepool","session_id":"28","statement_id":70,"state":"finished","livy_statement_state":"available","queued_time":"2023-03-09T18:25:14.7871892Z","session_start_time":null,"execution_start_time":"2023-03-09T18:25:14.9164027Z","execution_finish_time":"2023-03-09T18:25:15.0756295Z","spark_jobs":null,"parent_msg_id":"d9e42e17-61fd-4f45-aa34-750b66923451"},"text/plain":"StatementMeta(onasynapsepool, 28, 70, Finished, Available)"},"metadata":{}}],"execution_count":108},{"cell_type":"code","metadata":{"jupyter":{"source_hidden":false,"outputs_hidden":false},"nteract":{"transient":{"deleting":false}},"collapsed":false},"source":["# Join all indexes to users and output\r\n","usersEnriched = usersJoined.join(outDegreeEdges, col(\"Source\") == col(\"EmailAddress\"), \"left\").drop(\"Source\") \\\r\n","                           .join(inDegreeEdges, col(\"Target\") == col(\"EmailAddress\"), \"left\").drop(\"Target\") \\\r\n","                           .fillna(0) \\\r\n","                           .withColumn(\"DegreeIndex\", (col(\"In-DegreeIndex\") + col(\"Out-DegreeIndex\")) / (2 * numUsers)) \\\r\n","                           .withColumn(\"Community\", labelUdf(col(\"EmailAddress\"))) \\\r\n","                           .join(communityBridging, col(\"src\") == col(\"EmailAddress\"), \"left\").drop(\"src\") \\\r\n","                           .withColumn(\"InfluenceIndex\", influenceIndexUdf(col(\"EmailAddress\"))) \\\r\n","                           .fillna(0) \\\r\n","                           .withColumn(\"Period\", lit(period))\r\n","if outputFormat == \"csv\":\r\n","    usersEnriched.coalesce(1).write.option(\"header\", True).mode(\"overwrite\").csv(usersOutputPath)\r\n","elif outputFormat == \"parquet\":\r\n","    usersEnriched.coalesce(1).write.option(\"header\", True).mode(\"overwrite\").parquet(usersOutputPath)"],"outputs":[{"output_type":"display_data","data":{"application/vnd.livy.statement-meta+json":{"spark_pool":"onasynapsepool","session_id":"28","statement_id":71,"state":"finished","livy_statement_state":"available","queued_time":"2023-03-09T18:25:15.6213783Z","session_start_time":null,"execution_start_time":"2023-03-09T18:25:15.7596904Z","execution_finish_time":"2023-03-09T18:26:27.1395257Z","spark_jobs":null,"parent_msg_id":"ace707ab-c5b5-4661-85e7-2aa720c82b22"},"text/plain":"StatementMeta(onasynapsepool, 28, 71, Finished, Available)"},"metadata":{}}],"execution_count":109},{"cell_type":"code","metadata":{"jupyter":{"source_hidden":false,"outputs_hidden":false},"nteract":{"transient":{"deleting":false}}},"source":["Path = sc._gateway.jvm.org.apache.hadoop.fs.Path\r\n","\r\n","# get the part file generated by spark write\r\n","fs = Path(interactionsOutputPath).getFileSystem(sc._jsc.hadoopConfiguration())\r\n","part_file = fs.globStatus(Path(interactionsOutputPath + \"/part*\"))[0].getPath()\r\n","\r\n","#target path\r\n","# target_path = \"abfss://output@onastorage.dfs.core.windows.net/interactions_output.\"+outputFormat\r\n","target_path_interactions = interactionsOutputPath+\".\"+outputFormat\r\n","\r\n","# move and rename the file\r\n","fs.rename(part_file, Path(target_path_interactions))\r\n","fs.delete(Path(interactionsOutputPath), True)"],"outputs":[{"output_type":"display_data","data":{"application/vnd.livy.statement-meta+json":{"spark_pool":"onasynapsepool","session_id":"28","statement_id":72,"state":"finished","livy_statement_state":"available","queued_time":"2023-03-09T18:25:16.4893974Z","session_start_time":null,"execution_start_time":"2023-03-09T18:26:27.3146948Z","execution_finish_time":"2023-03-09T18:26:27.5030109Z","spark_jobs":null,"parent_msg_id":"105aa07d-e852-4e33-97c8-e19bffa64c6f"},"text/plain":"StatementMeta(onasynapsepool, 28, 72, Finished, Available)"},"metadata":{}},{"execution_count":147,"output_type":"execute_result","data":{"text/plain":"True"},"metadata":{}}],"execution_count":110},{"cell_type":"code","metadata":{"jupyter":{"source_hidden":false,"outputs_hidden":false},"nteract":{"transient":{"deleting":false}}},"source":["Path = sc._gateway.jvm.org.apache.hadoop.fs.Path\r\n","\r\n","# get the part file generated by spark write\r\n","fs = Path(usersOutputPath).getFileSystem(sc._jsc.hadoopConfiguration())\r\n","part_file = fs.globStatus(Path(usersOutputPath + \"/part*\"))[0].getPath()\r\n","\r\n","#target path\r\n","# target_path = \"abfss://output@onastorage.dfs.core.windows.net/user_output.\"+outputFormat\r\n","target_path_users = usersOutputPath+\".\"+outputFormat\r\n","\r\n","# move and rename the file\r\n","fs.rename(part_file, Path(target_path_users))\r\n","fs.delete(Path(usersOutputPath), True)"],"outputs":[{"output_type":"display_data","data":{"application/vnd.livy.statement-meta+json":{"spark_pool":"onasynapsepool","session_id":"28","statement_id":73,"state":"finished","livy_statement_state":"available","queued_time":"2023-03-09T18:27:11.5219185Z","session_start_time":null,"execution_start_time":"2023-03-09T18:27:11.6893933Z","execution_finish_time":"2023-03-09T18:27:11.9103877Z","spark_jobs":null,"parent_msg_id":"43a5b40d-c9d3-4ed0-9886-031dea712201"},"text/plain":"StatementMeta(onasynapsepool, 28, 73, Finished, Available)"},"metadata":{}},{"execution_count":149,"output_type":"execute_result","data":{"text/plain":"True"},"metadata":{}}],"execution_count":111}]},"dependsOn":[]},{"name":"[concat(parameters('workspaceName'), '/Microsoft365UserTable')]","type":"Microsoft.Synapse/workspaces/datasets","apiVersion":"2019-06-01-preview","properties":{"linkedServiceName":{"referenceName":"[parameters('Microsoft365')]","type":"LinkedServiceReference"},"annotations":[],"type":"Office365Table","schema":[],"typeProperties":{"tableName":"BasicDataSet_v0.User_v1"}},"dependsOn":[]},{"name":"[concat(parameters('workspaceName'), '/UserSink')]","type":"Microsoft.Synapse/workspaces/datasets","apiVersion":"2019-06-01-preview","properties":{"linkedServiceName":{"referenceName":"[parameters('ADLSona')]","type":"LinkedServiceReference"},"parameters":{"FolderName":{"type":"string"}},"annotations":[],"type":"Binary","typeProperties":{"location":{"type":"AzureBlobFSLocation","folderPath":{"value":"@dataset().FolderName","type":"Expression"},"fileSystem":"mgdc"}}},"dependsOn":[]},{"name":"[concat(parameters('workspaceName'), '/Microsoft365EmailTable')]","type":"Microsoft.Synapse/workspaces/datasets","apiVersion":"2019-06-01-preview","properties":{"linkedServiceName":{"referenceName":"[parameters('Microsoft365')]","type":"LinkedServiceReference"},"annotations":[],"type":"Office365Table","schema":[],"typeProperties":{"tableName":"BasicDataSet_v0.Message_v1"}},"dependsOn":[]},{"name":"[concat(parameters('workspaceName'), '/EmailSink')]","type":"Microsoft.Synapse/workspaces/datasets","apiVersion":"2019-06-01-preview","properties":{"linkedServiceName":{"referenceName":"[parameters('ADLSona')]","type":"LinkedServiceReference"},"parameters":{"FolderName":{"type":"string"}},"annotations":[],"type":"Binary","typeProperties":{"location":{"type":"AzureBlobFSLocation","folderPath":{"value":"@dataset().FolderName","type":"Expression"},"fileSystem":"mgdc"}}},"dependsOn":[]},{"name":"[concat(parameters('workspaceName'), '/Microsoft365TeamsChatTable')]","type":"Microsoft.Synapse/workspaces/datasets","apiVersion":"2019-06-01-preview","properties":{"linkedServiceName":{"referenceName":"[parameters('Microsoft365')]","type":"LinkedServiceReference"},"annotations":[],"type":"Office365Table","schema":[],"typeProperties":{"tableName":"BasicDataSet_v0.TeamChat_v1"}},"dependsOn":[]},{"name":"[concat(parameters('workspaceName'), '/TeamsChatSink')]","type":"Microsoft.Synapse/workspaces/datasets","apiVersion":"2019-06-01-preview","properties":{"linkedServiceName":{"referenceName":"[parameters('ADLSona')]","type":"LinkedServiceReference"},"parameters":{"FolderName":{"type":"string"}},"annotations":[],"type":"Binary","typeProperties":{"location":{"type":"AzureBlobFSLocation","folderPath":{"value":"@dataset().FolderName","type":"Expression"},"fileSystem":"mgdc"}}},"dependsOn":[]},{"name":"[concat(parameters('workspaceName'), '/Microsoft365CalendarTable')]","type":"Microsoft.Synapse/workspaces/datasets","apiVersion":"2019-06-01-preview","properties":{"linkedServiceName":{"referenceName":"[parameters('Microsoft365')]","type":"LinkedServiceReference"},"annotations":[],"type":"Office365Table","schema":[],"typeProperties":{"tableName":"BasicDataSet_v0.CalendarView_v0"}},"dependsOn":[]},{"name":"[concat(parameters('workspaceName'), '/CalendarSink')]","type":"Microsoft.Synapse/workspaces/datasets","apiVersion":"2019-06-01-preview","properties":{"linkedServiceName":{"referenceName":"[parameters('ADLSona')]","type":"LinkedServiceReference"},"parameters":{"FolderName":{"type":"string"}},"annotations":[],"type":"Binary","typeProperties":{"location":{"type":"AzureBlobFSLocation","folderPath":{"value":"@dataset().FolderName","type":"Expression"},"fileSystem":"mgdc"}}},"dependsOn":[]}]}