{"$schema":"http://schema.management.azure.com/schemas/2015-01-01/deploymentTemplate.json#","contentVersion":"1.0.0.0","parameters":{"workspaceName":{"type":"string","metadata":"Workspace name","defaultValue":"ona-synapse"},"Microsoft365":{"type":"string"},"MGDCSink":{"type":"string"}},"variables":{"workspaceId":"[concat('Microsoft.Synapse/workspaces/', parameters('workspaceName'))]"},"resources":[{"name":"[concat(parameters('workspaceName'), '/ONA')]","type":"Microsoft.Synapse/workspaces/pipelines","apiVersion":"2019-06-01-preview","properties":{"activities":[{"name":"If GetUserData is true","type":"IfCondition","dependsOn":[{"activity":"Set User FolderName","dependencyConditions":["Succeeded"]}],"userProperties":[],"typeProperties":{"expression":{"value":"@pipeline().parameters.GetUserData","type":"Expression"},"ifTrueActivities":[{"name":"Copy User","type":"Copy","dependsOn":[],"policy":{"timeout":"0.12:00:00","retry":0,"retryIntervalInSeconds":30,"secureOutput":false,"secureInput":false},"userProperties":[],"typeProperties":{"source":{"type":"Office365Source","outputColumns":[{"name":"aboutMe"},{"name":"accountEnabled"},{"name":"ageGroup"},{"name":"assignedLicenses"},{"name":"assignedPlans"},{"name":"birthday"},{"name":"businessPhones"},{"name":"city"},{"name":"companyName"},{"name":"consentProvidedForMinor"},{"name":"country"},{"name":"createdDateTime"},{"name":"department"},{"name":"displayName"},{"name":"givenName"},{"name":"hireDate"},{"name":"id"},{"name":"imAddresses"},{"name":"interests"},{"name":"jobTitle"},{"name":"legalAgeGroupClassification"},{"name":"mail"},{"name":"mailNickname"},{"name":"mobilePhone"},{"name":"mySite"},{"name":"officeLocation"},{"name":"onPremisesImmutableId"},{"name":"onPremisesLastSyncDateTime"},{"name":"onPremisesSecurityIdentifier"},{"name":"onPremisesSyncEnabled"},{"name":"passwordPolicies"},{"name":"pastProjects"},{"name":"postalCode"},{"name":"preferredLanguage"},{"name":"preferredName"},{"name":"provisionedPlans"},{"name":"proxyAddresses"},{"name":"responsibilities"},{"name":"schools"},{"name":"skills"},{"name":"state"},{"name":"streetAddress"},{"name":"surname"},{"name":"usageLocation"},{"name":"userPrincipalName"},{"name":"userType"}]},"sink":{"type":"BinarySink","storeSettings":{"type":"AzureBlobFSWriteSettings"}},"enableStaging":false},"inputs":[{"referenceName":"Microsoft365UserTable","type":"DatasetReference","parameters":{}}],"outputs":[{"referenceName":"UserSink","type":"DatasetReference","parameters":{"FolderName":{"value":"@variables('UserFolderName')","type":"Expression"}}}]}]}},{"name":"If GetEmailData is true","type":"IfCondition","dependsOn":[{"activity":"Set Email FolderName","dependencyConditions":["Succeeded"]}],"userProperties":[],"typeProperties":{"expression":{"value":"@pipeline().parameters.GetEmailData","type":"Expression"},"ifTrueActivities":[{"name":"Copy Email","type":"Copy","dependsOn":[],"policy":{"timeout":"0.12:00:00","retry":0,"retryIntervalInSeconds":30,"secureOutput":false,"secureInput":false},"userProperties":[],"typeProperties":{"source":{"type":"Office365Source","dateFilterColumn":"sentDateTime","startTime":{"value":"@formatDateTime(pipeline().parameters.StartDate)","type":"Expression"},"endTime":{"value":"@formatDateTime(pipeline().parameters.EndDate)","type":"Expression"},"outputColumns":[{"name":"receivedDateTime"},{"name":"sentDateTime"},{"name":"hasAttachments"},{"name":"internetMessageId"},{"name":"importance"},{"name":"parentFolderId"},{"name":"sender"},{"name":"from"},{"name":"toRecipients"},{"name":"ccRecipients"},{"name":"bccRecipients"},{"name":"replyTo"},{"name":"conversationId"},{"name":"uniqueBody"},{"name":"isDeliveryReceiptRequested"},{"name":"isReadReceiptRequested"},{"name":"isRead"},{"name":"isDraft"},{"name":"webLink"},{"name":"createdDateTime"},{"name":"lastModifiedDateTime"},{"name":"changeKey"},{"name":"categories"},{"name":"id"},{"name":"inferenceClassification"},{"name":"flag"},{"name":"internetMessageHeaders"},{"name":"conversationIndex"}]},"sink":{"type":"BinarySink","storeSettings":{"type":"AzureBlobFSWriteSettings"}},"enableStaging":false},"inputs":[{"referenceName":"Microsoft365EmailTable","type":"DatasetReference","parameters":{}}],"outputs":[{"referenceName":"EmailSink","type":"DatasetReference","parameters":{"FolderName":{"value":"@variables('EmailFolderName')","type":"Expression"}}}]}]}},{"name":"If GetTeamsChatData is true","type":"IfCondition","dependsOn":[{"activity":"Set TeamsChat FolderName","dependencyConditions":["Succeeded"]}],"userProperties":[],"typeProperties":{"expression":{"value":"@pipeline().parameters.GetTeamsChatData","type":"Expression"},"ifTrueActivities":[{"name":"Copy TeamsChat","type":"Copy","dependsOn":[],"policy":{"timeout":"0.12:00:00","retry":0,"retryIntervalInSeconds":30,"secureOutput":false,"secureInput":false},"userProperties":[],"typeProperties":{"source":{"type":"Office365Source","dateFilterColumn":"SentDateTime","startTime":{"value":"@formatDateTime(pipeline().parameters.StartDate)","type":"Expression"},"endTime":{"value":"@formatDateTime(pipeline().parameters.EndDate)","type":"Expression"},"outputColumns":[{"name":"Id"},{"name":"CreatedDateTime"},{"name":"LastModifiedDateTime"},{"name":"ChangeKey"},{"name":"Categories"},{"name":"ReceivedDateTime"},{"name":"SentDateTime"},{"name":"HasAttachments"},{"name":"InternetMessageId"},{"name":"Importance"},{"name":"ParentFolderId"},{"name":"ConversationId"},{"name":"ConversationIndex"},{"name":"IsRead"},{"name":"IsDraft"},{"name":"Sender"},{"name":"From"},{"name":"ToRecipients"},{"name":"ReplyTo"},{"name":"Flag"}]},"sink":{"type":"BinarySink","storeSettings":{"type":"AzureBlobFSWriteSettings"}},"enableStaging":false},"inputs":[{"referenceName":"Microsoft365TeamsChatTable","type":"DatasetReference","parameters":{}}],"outputs":[{"referenceName":"TeamsChatSink","type":"DatasetReference","parameters":{"FolderName":{"value":"@variables('TeamsChatFolderName')","type":"Expression"}}}]}]}},{"name":"If GetCalendarData is true","type":"IfCondition","dependsOn":[{"activity":"Set Calendar FileName","dependencyConditions":["Succeeded"]}],"userProperties":[],"typeProperties":{"expression":{"value":"@pipeline().parameters.GetCalendarData","type":"Expression"},"ifTrueActivities":[{"name":"Copy Calendar","type":"Copy","dependsOn":[],"policy":{"timeout":"0.12:00:00","retry":0,"retryIntervalInSeconds":30,"secureOutput":false,"secureInput":false},"userProperties":[],"typeProperties":{"source":{"type":"Office365Source","startTime":{"value":"@formatDateTime(pipeline().parameters.StartDate)","type":"Expression"},"endTime":{"value":"@formatDateTime(pipeline().parameters.EndDate)","type":"Expression"},"outputColumns":[{"name":"id"},{"name":"allowNewTimeProposals"},{"name":"createdDateTime"},{"name":"lastModifiedDateTime"},{"name":"changeKey"},{"name":"categories"},{"name":"originalStartTimeZone"},{"name":"originalEndTimeZone"},{"name":"responseStatus"},{"name":"iCalUId"},{"name":"isOnlineMeeting"},{"name":"reminderMinutesBeforeStart"},{"name":"isReminderOn"},{"name":"hasAttachments"},{"name":"importance"},{"name":"sensitivity"},{"name":"start"},{"name":"end"},{"name":"location"},{"name":"isAllDay"},{"name":"isCancelled"},{"name":"isOrganizer"},{"name":"onlineMeeting"},{"name":"onlineMeetingProvider"},{"name":"recurrence"},{"name":"responseRequested"},{"name":"showAs"},{"name":"transactionId"},{"name":"type"},{"name":"attendees"},{"name":"organizer"},{"name":"webLink"},{"name":"locations"},{"name":"onlineMeetingUrl"},{"name":"seriesMasterId"},{"name":"originalStart"}]},"sink":{"type":"BinarySink","storeSettings":{"type":"AzureBlobFSWriteSettings"}},"enableStaging":false},"inputs":[{"referenceName":"Microsoft365CalendarTable","type":"DatasetReference","parameters":{}}],"outputs":[{"referenceName":"CalendarSink","type":"DatasetReference","parameters":{"FolderName":{"value":"@variables('CalendarFolderName')","type":"Expression"}}}]}]}},{"name":"Run ONA Notebook","type":"SynapseNotebook","dependsOn":[{"activity":"Convert StorageUrl to Abfss Path","dependencyConditions":["Succeeded"]}],"policy":{"timeout":"0.12:00:00","retry":0,"retryIntervalInSeconds":30,"secureOutput":false,"secureInput":false},"userProperties":[],"typeProperties":{"notebook":{"referenceName":"ONA","type":"NotebookReference"},"parameters":{"calendarPath":{"value":{"value":"@concat(variables('StorageAbfssPath'), variables('CalendarFolderName'))","type":"Expression"},"type":"string"},"emailPath":{"value":{"value":"@concat(variables('StorageAbfssPath'), variables('EmailFolderName'))\n","type":"Expression"},"type":"string"},"teamsChatPath":{"value":{"value":"@concat(variables('StorageAbfssPath'), variables('TeamsChatFolderName'))","type":"Expression"},"type":"string"},"userPath":{"value":{"value":"@concat(variables('StorageAbfssPath'), variables('UserFolderName'))","type":"Expression"},"type":"string"},"usersOutputPath":{"value":{"value":"@concat(replace(variables('StorageAbfssPath'),'mgdc@','output@'),'users_', pipeline().parameters.StartDate, '_to_', pipeline().parameters.EndDate, '.csv')","type":"Expression"},"type":"string"},"interactionsOutputPath":{"value":{"value":"@concat(replace(variables('StorageAbfssPath'),'mgdc@','output@'),'interactions_', pipeline().parameters.StartDate, '_to_', pipeline().parameters.EndDate, '.csv')","type":"Expression"},"type":"string"}},"snapshot":true,"sparkPool":{"referenceName":"onasynapsepool","type":"BigDataPoolReference"},"executorSize":null,"conf":{"spark.dynamicAllocation.enabled":null,"spark.dynamicAllocation.minExecutors":null,"spark.dynamicAllocation.maxExecutors":null},"driverSize":null,"numExecutors":null}},{"name":"Set User FolderName","type":"SetVariable","dependsOn":[],"userProperties":[],"typeProperties":{"variableName":"UserFolderName","value":{"value":"@concat('user_', pipeline().parameters.StartDate, '_to_', pipeline().parameters.EndDate)","type":"Expression"}}},{"name":"Set Email FolderName","type":"SetVariable","dependsOn":[],"userProperties":[],"typeProperties":{"variableName":"EmailFolderName","value":{"value":"@concat('email_', pipeline().parameters.StartDate, '_to_', pipeline().parameters.EndDate)","type":"Expression"}}},{"name":"Set TeamsChat FolderName","type":"SetVariable","dependsOn":[],"userProperties":[],"typeProperties":{"variableName":"TeamsChatFolderName","value":{"value":"@concat('teamschat_', pipeline().parameters.StartDate, '_to_', pipeline().parameters.EndDate)","type":"Expression"}}},{"name":"Set Calendar FileName","type":"SetVariable","dependsOn":[],"userProperties":[],"typeProperties":{"variableName":"CalendarFolderName","value":{"value":"@concat('calendar_', pipeline().parameters.StartDate, '_to_', pipeline().parameters.EndDate)","type":"Expression"}}},{"name":"Convert StorageUrl to Abfss Path","type":"SetVariable","dependsOn":[{"activity":"If GetCalendarData is true","dependencyConditions":["Succeeded"]},{"activity":"If GetTeamsChatData is true","dependencyConditions":["Succeeded"]},{"activity":"If GetEmailData is true","dependencyConditions":["Succeeded"]},{"activity":"If GetUserData is true","dependencyConditions":["Succeeded"]}],"userProperties":[],"typeProperties":{"variableName":"StorageAbfssPath","value":{"value":"@concat(replace(replace(trim(pipeline().parameters.StorageUrl), 'https://', 'abfss://mgdc@'),'dfs.core.windows.net/','dfs.core.windows.net'),'/')\n","type":"Expression"}}}],"policy":{"elapsedTimeMetric":{},"cancelAfter":{}},"parameters":{"StartDate":{"type":"string"},"EndDate":{"type":"string"},"StorageUrl":{"type":"string","defaultValue":"https://<your-storage-account>.dfs.core.windows.net/"},"GetUserData":{"type":"bool","defaultValue":true},"GetEmailData":{"type":"bool","defaultValue":true},"GetCalendarData":{"type":"bool","defaultValue":true},"GetTeamsChatData":{"type":"bool","defaultValue":true}},"variables":{"CalendarFolderName":{"type":"String"},"EmailFolderName":{"type":"String"},"TeamsChatFolderName":{"type":"String"},"UserFolderName":{"type":"String"},"StorageAbfssPath":{"type":"String"}},"annotations":[],"lastPublishTime":"2022-11-08T22:53:30Z"},"dependsOn":["[concat(variables('workspaceId'), '/notebooks/ONA')]","[concat(variables('workspaceId'), '/bigDataPools/onasynapsepool')]","[concat(variables('workspaceId'), '/datasets/Microsoft365UserTable')]","[concat(variables('workspaceId'), '/datasets/UserSink')]","[concat(variables('workspaceId'), '/datasets/Microsoft365EmailTable')]","[concat(variables('workspaceId'), '/datasets/EmailSink')]","[concat(variables('workspaceId'), '/datasets/Microsoft365TeamsChatTable')]","[concat(variables('workspaceId'), '/datasets/TeamsChatSink')]","[concat(variables('workspaceId'), '/datasets/Microsoft365CalendarTable')]","[concat(variables('workspaceId'), '/datasets/CalendarSink')]"]},{"name":"[concat(parameters('workspaceName'), '/ONA')]","type":"Microsoft.Synapse/workspaces/notebooks","apiVersion":"2019-06-01-preview","properties":{"nbformat":4,"nbformat_minor":2,"bigDataPool":{"referenceName":"onasynapsepool","type":"BigDataPoolReference"},"sessionProperties":{"driverMemory":"28g","driverCores":4,"executorMemory":"28g","executorCores":4,"numExecutors":2,"runAsWorkspaceSystemIdentity":false,"conf":{"spark.dynamicAllocation.enabled":"false","spark.dynamicAllocation.minExecutors":"2","spark.dynamicAllocation.maxExecutors":"2","spark.autotune.trackingId":"11fc7293-9159-4092-9b89-eef92177cb6d"}},"metadata":{"saveOutput":true,"synapse_widget":{"version":"0.1","state":{"19bb2435-b8b8-48e2-9b99-3662fdf8be42":{"type":"Synapse.DataFrame","sync_state":{"table":{"rows":[{"0":"MeganB@M365x413676.OnMicrosoft.com","1":"matt.krause@m365x413676.onmicrosoft.com","2":"0","3":"4","4":"0"},{"0":"Nik.Charlebois@M365x413676.onmicrosoft.com","1":"Gladys@m365x413676.onmicrosoft.com","2":"0","3":"12","4":"0"},{"0":"Nik.Charlebois@M365x413676.onmicrosoft.com","1":"jcrendon@m365x413676.onmicrosoft.com","2":"0","3":"12","4":"0"},{"0":"matt.krause@m365x413676.onmicrosoft.com","1":"LidiaH@M365x413676.OnMicrosoft.com","2":"0","3":"4","4":"0"},{"0":"matt.krause@m365x413676.onmicrosoft.com","1":"MeganB@M365x413676.OnMicrosoft.com","2":"0","3":"4","4":"0"},{"0":"AdeleV@M365x413676.OnMicrosoft.com","1":"AlexW@M365x413676.OnMicrosoft.com","2":"0","3":"0","4":"5"},{"0":"AdeleV@M365x413676.OnMicrosoft.com","1":"AutomateB@M365x413676.OnMicrosoft.com","2":"0","3":"0","4":"4"},{"0":"AdeleV@M365x413676.OnMicrosoft.com","1":"BrianJ@M365x413676.OnMicrosoft.com","2":"0","3":"0","4":"3"},{"0":"AdeleV@M365x413676.OnMicrosoft.com","1":"CameronW@M365x413676.OnMicrosoft.com","2":"0","3":"0","4":"3"},{"0":"AdeleV@M365x413676.OnMicrosoft.com","1":"ChristieC@M365x413676.OnMicrosoft.com","2":"0","3":"0","4":"1"},{"0":"AdeleV@M365x413676.OnMicrosoft.com","1":"Claudiu@m365x413676.onmicrosoft.com","2":"0","3":"0","4":"1"},{"0":"AdeleV@M365x413676.OnMicrosoft.com","1":"DeliaD@M365x413676.OnMicrosoft.com","2":"0","3":"0","4":"2"},{"0":"AdeleV@M365x413676.OnMicrosoft.com","1":"DragosG@m365x413676.onmicrosoft.com","2":"0","3":"0","4":"1"},{"0":"AdeleV@M365x413676.OnMicrosoft.com","1":"GerhartM@M365x413676.OnMicrosoft.com","2":"0","3":"0","4":"2"},{"0":"AdeleV@M365x413676.OnMicrosoft.com","1":"Gladys@m365x413676.onmicrosoft.com","2":"0","3":"0","4":"27"},{"0":"AdeleV@M365x413676.OnMicrosoft.com","1":"IrvinS@M365x413676.OnMicrosoft.com","2":"0","3":"0","4":"1"},{"0":"AdeleV@M365x413676.OnMicrosoft.com","1":"JohannaL@M365x413676.OnMicrosoft.com","2":"0","3":"0","4":"20"},{"0":"AdeleV@M365x413676.OnMicrosoft.com","1":"LeeG@M365x413676.OnMicrosoft.com","2":"0","3":"0","4":"5"},{"0":"AdeleV@M365x413676.OnMicrosoft.com","1":"LidiaH@M365x413676.OnMicrosoft.com","2":"0","3":"0","4":"58"},{"0":"AdeleV@M365x413676.OnMicrosoft.com","1":"LynneR@M365x413676.OnMicrosoft.com","2":"0","3":"0","4":"4"},{"0":"AdeleV@M365x413676.OnMicrosoft.com","1":"MeganB@M365x413676.OnMicrosoft.com","2":"0","3":"0","4":"35"},{"0":"AdeleV@M365x413676.OnMicrosoft.com","1":"MiriamG@M365x413676.OnMicrosoft.com","2":"0","3":"0","4":"1"},{"0":"AdeleV@M365x413676.OnMicrosoft.com","1":"Nik.Charlebois@M365x413676.onmicrosoft.com","2":"0","3":"0","4":"33"},{"0":"AdeleV@M365x413676.OnMicrosoft.com","1":"aborlea@m365x413676.onmicrosoft.com","2":"0","3":"0","4":"2"},{"0":"AdeleV@M365x413676.OnMicrosoft.com","1":"admin@M365x413676.OnMicrosoft.com","2":"0","3":"0","4":"23"},{"0":"AdeleV@M365x413676.OnMicrosoft.com","1":"bobinette3@M365x413676.onmicrosoft.com","2":"0","3":"0","4":"1"},{"0":"AdeleV@M365x413676.OnMicrosoft.com","1":"ddaianu_bpcs@m365x413676.onmicrosoft.com","2":"0","3":"0","4":"2"},{"0":"AdeleV@M365x413676.OnMicrosoft.com","1":"globaladmin@m365x413676.onmicrosoft.com","2":"0","3":"0","4":"1"},{"0":"AdeleV@M365x413676.OnMicrosoft.com","1":"jcrendon@m365x413676.onmicrosoft.com","2":"0","3":"0","4":"1"},{"0":"AlexW@M365x413676.OnMicrosoft.com","1":"AdeleV@M365x413676.OnMicrosoft.com","2":"0","3":"0","4":"2"},{"0":"AlexW@M365x413676.OnMicrosoft.com","1":"AllanD@M365x413676.OnMicrosoft.com","2":"0","3":"0","4":"1"},{"0":"AlexW@M365x413676.OnMicrosoft.com","1":"BrianJ@M365x413676.OnMicrosoft.com","2":"0","3":"0","4":"11"},{"0":"AlexW@M365x413676.OnMicrosoft.com","1":"CameronW@M365x413676.OnMicrosoft.com","2":"0","3":"0","4":"1"},{"0":"AlexW@M365x413676.OnMicrosoft.com","1":"ChristieC@M365x413676.OnMicrosoft.com","2":"0","3":"0","4":"1"},{"0":"AlexW@M365x413676.OnMicrosoft.com","1":"Crystal@M365x413676.OnMicrosoft.com","2":"0","3":"0","4":"2"},{"0":"AlexW@M365x413676.OnMicrosoft.com","1":"DebraB@M365x413676.OnMicrosoft.com","2":"0","3":"0","4":"2"},{"0":"AlexW@M365x413676.OnMicrosoft.com","1":"DiegoS@M365x413676.OnMicrosoft.com","2":"0","3":"0","4":"1"},{"0":"AlexW@M365x413676.OnMicrosoft.com","1":"Gladys@m365x413676.onmicrosoft.com","2":"0","3":"0","4":"16"},{"0":"AlexW@M365x413676.OnMicrosoft.com","1":"Hood@M365x413676.OnMicrosoft.com","2":"0","3":"0","4":"2"},{"0":"AlexW@M365x413676.OnMicrosoft.com","1":"IsaiahL@M365x413676.OnMicrosoft.com","2":"0","3":"0","4":"1"},{"0":"AlexW@M365x413676.OnMicrosoft.com","1":"LeeG@M365x413676.OnMicrosoft.com","2":"0","3":"0","4":"3"},{"0":"AlexW@M365x413676.OnMicrosoft.com","1":"LidiaH@M365x413676.OnMicrosoft.com","2":"0","3":"0","4":"3"},{"0":"AlexW@M365x413676.OnMicrosoft.com","1":"LynneR@M365x413676.OnMicrosoft.com","2":"0","3":"0","4":"4"},{"0":"AlexW@M365x413676.OnMicrosoft.com","1":"MalloryC@M365x413676.OnMicrosoft.com","2":"0","3":"0","4":"1"},{"0":"AlexW@M365x413676.OnMicrosoft.com","1":"MeganB@M365x413676.OnMicrosoft.com","2":"0","3":"0","4":"6"},{"0":"AlexW@M365x413676.OnMicrosoft.com","1":"Nik.Charlebois@M365x413676.onmicrosoft.com","2":"0","3":"0","4":"27"},{"0":"AlexW@M365x413676.OnMicrosoft.com","1":"PattiF@M365x413676.OnMicrosoft.com","2":"0","3":"0","4":"6"},{"0":"AlexW@M365x413676.OnMicrosoft.com","1":"Rainier@M365x413676.OnMicrosoft.com","2":"0","3":"0","4":"1"},{"0":"AlexW@M365x413676.OnMicrosoft.com","1":"SilviuC@m365x413676.onmicrosoft.com","2":"0","3":"0","4":"1"},{"0":"AlexW@M365x413676.OnMicrosoft.com","1":"aborlea@m365x413676.onmicrosoft.com","2":"0","3":"0","4":"1"},{"0":"AlexW@M365x413676.OnMicrosoft.com","1":"admin@M365x413676.OnMicrosoft.com","2":"0","3":"0","4":"54"},{"0":"AlexW@M365x413676.OnMicrosoft.com","1":"asisu_bpcs@m365x413676.onmicrosoft.com","2":"0","3":"0","4":"1"},{"0":"AlexW@M365x413676.OnMicrosoft.com","1":"bobinette3@M365x413676.onmicrosoft.com","2":"0","3":"0","4":"1"},{"0":"AlexW@M365x413676.OnMicrosoft.com","1":"globaladmin@m365x413676.onmicrosoft.com","2":"0","3":"0","4":"3"},{"0":"AllanD@M365x413676.OnMicrosoft.com","1":"AlexW@M365x413676.OnMicrosoft.com","2":"0","3":"0","4":"69"},{"0":"AllanD@M365x413676.OnMicrosoft.com","1":"AutomateB@M365x413676.OnMicrosoft.com","2":"0","3":"0","4":"1"},{"0":"AllanD@M365x413676.OnMicrosoft.com","1":"BiancaP@M365x413676.OnMicrosoft.com","2":"0","3":"0","4":"1"},{"0":"AllanD@M365x413676.OnMicrosoft.com","1":"BrianJ@M365x413676.OnMicrosoft.com","2":"0","3":"0","4":"1"},{"0":"AllanD@M365x413676.OnMicrosoft.com","1":"CameronW@M365x413676.OnMicrosoft.com","2":"0","3":"0","4":"67"},{"0":"AllanD@M365x413676.OnMicrosoft.com","1":"ChristieC@M365x413676.OnMicrosoft.com","2":"0","3":"0","4":"2"},{"0":"AllanD@M365x413676.OnMicrosoft.com","1":"Crystal@M365x413676.OnMicrosoft.com","2":"0","3":"0","4":"1"},{"0":"AllanD@M365x413676.OnMicrosoft.com","1":"GerhartM@M365x413676.OnMicrosoft.com","2":"0","3":"0","4":"2"},{"0":"AllanD@M365x413676.OnMicrosoft.com","1":"Gladys@m365x413676.onmicrosoft.com","2":"0","3":"0","4":"153"},{"0":"AllanD@M365x413676.OnMicrosoft.com","1":"GradyA@M365x413676.OnMicrosoft.com","2":"0","3":"0","4":"4"},{"0":"AllanD@M365x413676.OnMicrosoft.com","1":"JohannaL@M365x413676.OnMicrosoft.com","2":"0","3":"0","4":"20"},{"0":"AllanD@M365x413676.OnMicrosoft.com","1":"John.Smith@M365x413676.onmicrosoft.com","2":"0","3":"0","4":"4"},{"0":"AllanD@M365x413676.OnMicrosoft.com","1":"LeeG@M365x413676.OnMicrosoft.com","2":"0","3":"0","4":"72"},{"0":"AllanD@M365x413676.OnMicrosoft.com","1":"LidiaH@M365x413676.OnMicrosoft.com","2":"0","3":"0","4":"1"},{"0":"AllanD@M365x413676.OnMicrosoft.com","1":"LynneR@M365x413676.OnMicrosoft.com","2":"0","3":"0","4":"68"},{"0":"AllanD@M365x413676.OnMicrosoft.com","1":"MalloryC@M365x413676.OnMicrosoft.com","2":"0","3":"0","4":"3"},{"0":"AllanD@M365x413676.OnMicrosoft.com","1":"MeganB@M365x413676.OnMicrosoft.com","2":"0","3":"0","4":"26"},{"0":"AllanD@M365x413676.OnMicrosoft.com","1":"MiriamG@M365x413676.OnMicrosoft.com","2":"0","3":"0","4":"1"},{"0":"AllanD@M365x413676.OnMicrosoft.com","1":"NestorW@M365x413676.OnMicrosoft.com","2":"0","3":"0","4":"22"},{"0":"AllanD@M365x413676.OnMicrosoft.com","1":"Nik.Charlebois@M365x413676.onmicrosoft.com","2":"0","3":"0","4":"4"},{"0":"AllanD@M365x413676.OnMicrosoft.com","1":"NikRoom@M365x413676.onmicrosoft.com","2":"0","3":"0","4":"1"},{"0":"AllanD@M365x413676.OnMicrosoft.com","1":"Rainier@M365x413676.OnMicrosoft.com","2":"0","3":"0","4":"4"},{"0":"AllanD@M365x413676.OnMicrosoft.com","1":"SilviuC@m365x413676.onmicrosoft.com","2":"0","3":"0","4":"2"},{"0":"AllanD@M365x413676.OnMicrosoft.com","1":"admin@M365x413676.OnMicrosoft.com","2":"0","3":"0","4":"2"},{"0":"AllanD@M365x413676.OnMicrosoft.com","1":"asisu_bpcs@m365x413676.onmicrosoft.com","2":"0","3":"0","4":"66"},{"0":"AllanD@M365x413676.OnMicrosoft.com","1":"bobinette3@M365x413676.onmicrosoft.com","2":"0","3":"0","4":"1"},{"0":"AllanD@M365x413676.OnMicrosoft.com","1":"ddaianu_bpcs@m365x413676.onmicrosoft.com","2":"0","3":"0","4":"1"},{"0":"AllanD@M365x413676.OnMicrosoft.com","1":"globaladmin@m365x413676.onmicrosoft.com","2":"0","3":"0","4":"1"},{"0":"AllanD@M365x413676.OnMicrosoft.com","1":"jcrendon@m365x413676.onmicrosoft.com","2":"0","3":"0","4":"65"},{"0":"Archimedes@M365x413676.onmicrosoft.com","1":"Nik@m365x413676.onmicrosoft.com","2":"1","3":"0","4":"0"},{"0":"Archimedes@M365x413676.onmicrosoft.com","1":"admin@M365x413676.OnMicrosoft.com","2":"1","3":"0","4":"0"},{"0":"BlueShift@M365x413676.onmicrosoft.com","1":"Nik.Charlebois@M365x413676.onmicrosoft.com","2":"1","3":"0","4":"0"},{"0":"BlueShift@M365x413676.onmicrosoft.com","1":"admin@M365x413676.OnMicrosoft.com","2":"1","3":"0","4":"0"},{"0":"BrianJ@M365x413676.OnMicrosoft.com","1":"AdeleV@M365x413676.OnMicrosoft.com","2":"0","3":"0","4":"3"},{"0":"BrianJ@M365x413676.OnMicrosoft.com","1":"AlexW@M365x413676.OnMicrosoft.com","2":"0","3":"0","4":"1"},{"0":"BrianJ@M365x413676.OnMicrosoft.com","1":"AllanD@M365x413676.OnMicrosoft.com","2":"0","3":"0","4":"69"},{"0":"BrianJ@M365x413676.OnMicrosoft.com","1":"AutomateB@M365x413676.OnMicrosoft.com","2":"0","3":"0","4":"2"},{"0":"BrianJ@M365x413676.OnMicrosoft.com","1":"BiancaP@M365x413676.OnMicrosoft.com","2":"0","3":"0","4":"17"},{"0":"BrianJ@M365x413676.OnMicrosoft.com","1":"ChristieC@M365x413676.OnMicrosoft.com","2":"0","3":"0","4":"2"},{"0":"BrianJ@M365x413676.OnMicrosoft.com","1":"Claudiu@m365x413676.onmicrosoft.com","2":"0","3":"0","4":"1"},{"0":"BrianJ@M365x413676.OnMicrosoft.com","1":"DebraB@M365x413676.OnMicrosoft.com","2":"0","3":"0","4":"1"},{"0":"BrianJ@M365x413676.OnMicrosoft.com","1":"DiegoS@M365x413676.OnMicrosoft.com","2":"0","3":"0","4":"2"},{"0":"BrianJ@M365x413676.OnMicrosoft.com","1":"DragosG@m365x413676.onmicrosoft.com","2":"0","3":"0","4":"2"},{"0":"BrianJ@M365x413676.OnMicrosoft.com","1":"GerhartM@M365x413676.OnMicrosoft.com","2":"0","3":"0","4":"1"},{"0":"BrianJ@M365x413676.OnMicrosoft.com","1":"Gladys@m365x413676.onmicrosoft.com","2":"0","3":"0","4":"3"},{"0":"BrianJ@M365x413676.OnMicrosoft.com","1":"GradyA@M365x413676.OnMicrosoft.com","2":"0","3":"0","4":"2"}],"schema":[{"key":"0","name":"src","type":"string"},{"key":"1","name":"dst","type":"string"},{"key":"2","name":"numEmail","type":"bigint"},{"key":"3","name":"numTeamsChat","type":"bigint"},{"key":"4","name":"numMeeting","type":"bigint"}],"truncated":false},"isSummary":false,"language":"scala"},"persist_state":{"view":{"type":"details","tableOptions":{},"chartOptions":{"chartType":"bar","aggregationType":"sum","categoryFieldKeys":["0"],"seriesFieldKeys":["2"],"isStacked":false}}}},"ec3f6ad4-3257-4f21-9b15-bb3b517660ec":{"type":"Synapse.DataFrame","sync_state":{"table":{"rows":[{"0":"Cobalt@M365x413676.onmicrosoft.com","1":"2"},{"0":"admin@M365x413676.OnMicrosoft.com","1":"58"},{"0":"msteams_a7e6e6@M365x413676.onmicrosoft.com","1":"2"},{"0":"noreply@pokemon.com","1":"1"},{"0":"powerautomate@email2.microsoft.com","1":"2"},{"0":"msgroupsteam@microsoft.com","1":"71"},{"0":"Archimedes@M365x413676.onmicrosoft.com","1":"2"},{"0":"ms-noreply@microsoft.com","1":"2"},{"0":"MahoneyTest@M365x413676.onmicrosoft.com","1":"2"},{"0":"M365Dev@e-mail.microsoft.com","1":"4"}],"schema":[{"key":"0","name":"src","type":"string"},{"key":"1","name":"EmailsSent","type":"bigint"}],"truncated":false},"isSummary":false,"language":"scala"},"persist_state":{"view":{"type":"details","tableOptions":{},"chartOptions":{"chartType":"bar","aggregationType":"sum","categoryFieldKeys":["0"],"seriesFieldKeys":["1"],"isStacked":false}}}},"c70717e2-9375-4a8c-b359-dba8c102674a":{"type":"Synapse.DataFrame","sync_state":{"table":{"rows":[{"0":{"id":"BrianJ@M365x413676.OnMicrosoft.com"},"1":{"dst":"Gladys@m365x413676.onmicrosoft.com","numMeeting":3,"numEmail":0,"src":"BrianJ@M365x413676.OnMicrosoft.com","numTeamsChat":0},"2":{"id":"Gladys@m365x413676.onmicrosoft.com"},"3":{"dst":"Crystal@M365x413676.OnMicrosoft.com","numMeeting":5,"numEmail":0,"src":"Gladys@m365x413676.onmicrosoft.com","numTeamsChat":0},"4":{"id":"Crystal@M365x413676.OnMicrosoft.com"}},{"0":{"id":"BrianJ@M365x413676.OnMicrosoft.com"},"1":{"dst":"Nik.Charlebois@M365x413676.onmicrosoft.com","numMeeting":2,"numEmail":0,"src":"BrianJ@M365x413676.OnMicrosoft.com","numTeamsChat":0},"2":{"id":"Nik.Charlebois@M365x413676.onmicrosoft.com"},"3":{"dst":"Crystal@M365x413676.OnMicrosoft.com","numMeeting":4,"numEmail":0,"src":"Nik.Charlebois@M365x413676.onmicrosoft.com","numTeamsChat":0},"4":{"id":"Crystal@M365x413676.OnMicrosoft.com"}},{"0":{"id":"BrianJ@M365x413676.OnMicrosoft.com"},"1":{"dst":"ddaianu_bpcs@m365x413676.onmicrosoft.com","numMeeting":18,"numEmail":0,"src":"BrianJ@M365x413676.OnMicrosoft.com","numTeamsChat":0},"2":{"id":"ddaianu_bpcs@m365x413676.onmicrosoft.com"},"3":{"dst":"Crystal@M365x413676.OnMicrosoft.com","numMeeting":13,"numEmail":0,"src":"ddaianu_bpcs@m365x413676.onmicrosoft.com","numTeamsChat":0},"4":{"id":"Crystal@M365x413676.OnMicrosoft.com"}}],"schema":[{"key":"0","name":"from","type":"StructType(StructField(id,StringType,true))"},{"key":"1","name":"e0","type":"StructType(StructField(src,StringType,true), StructField(dst,StringType,true), StructField(numEmail,LongType,true), StructField(numTeamsChat,LongType,true), StructField(numMeeting,LongType,true))"},{"key":"2","name":"v1","type":"StructType(StructField(id,StringType,true))"},{"key":"3","name":"e1","type":"StructType(StructField(src,StringType,true), StructField(dst,StringType,true), StructField(numEmail,LongType,true), StructField(numTeamsChat,LongType,true), StructField(numMeeting,LongType,true))"},{"key":"4","name":"to","type":"StructType(StructField(id,StringType,true))"}],"truncated":false},"isSummary":false,"language":"scala"},"persist_state":{"view":{"type":"details","tableOptions":{},"chartOptions":{"chartType":"bar","aggregationType":"count","categoryFieldKeys":[],"seriesFieldKeys":["0"],"isStacked":false}}}},"44d90e82-2a25-4c32-8b75-5a821ced0ca1":{"type":"Synapse.DataFrame","sync_state":{"table":{"rows":[{"0":"Patrick.Mahoney@m365x413676.onmicrosoft.com","1":"15cb4f7a-69e5-4730-bc63-fe057cbd141b","5":"US","7":"82100b66-ace5-4bd1-a137-f11432b93451","8":"0","9":"0","10":"0","11":"130","12":"0","13":"0","14":"130","15":"0","16":"2.4074074074074074","17":"0.233","18":"0.852"},{"0":"Crystal@M365x413676.OnMicrosoft.com","1":"1f12ffea-e3dd-431a-97eb-475154a2b726","7":"82100b66-ace5-4bd1-a137-f11432b93451","8":"1666","9":"426","10":"0","11":"0","12":"0","13":"0","14":"426","15":"1666","16":"38.74074074074074","17":"0.655","18":"0.079"},{"0":"LynneR@M365x413676.onmicrosoft.com","1":"281eb5c4-7a62-4a08-b461-57ca34db29b9","2":"Retail","3":"Planner","4":"OK","5":"US","6":"en-US","7":"82100b66-ace5-4bd1-a137-f11432b93451","8":"0","9":"0","10":"0","11":"0","12":"0","13":"0","14":"0","15":"0","16":"0.0","17":"0.781","18":"0.823"},{"0":"Jeremy@m365x413676.onmicrosoft.com","1":"29038dee-3139-41f2-9b4b-4e848a1b0edd","2":"Customer & Partner Experience","3":"Principal Program Manager Lead","5":"US","7":"82100b66-ace5-4bd1-a137-f11432b93451","8":"106","9":"74","10":"0","11":"4","12":"0","13":"0","14":"78","15":"106","16":"3.4074074074074074","17":"0.605","18":"0.457"},{"0":"BrianJ@M365x413676.OnMicrosoft.com","1":"37c43501-e848-4ec3-9345-18d58302d6c4","2":"Engineering","7":"82100b66-ace5-4bd1-a137-f11432b93451","8":"474","9":"127","10":"0","11":"4","12":"0","13":"0","14":"131","15":"474","16":"11.203703703703704","17":"0.686","18":"0.548"},{"0":"O365DSCSharedMailbox@M365x413676.onmicrosoft.com","1":"540833ed-0f8a-474a-abef-157fe8b7e05b","7":"82100b66-ace5-4bd1-a137-f11432b93451","8":"0","9":"0","10":"0","11":"0","12":"0","13":"0","14":"0","15":"0","16":"0.0","17":"0.649","18":"0.128"},{"0":"Xitao@m365x413676.onmicrosoft.com","1":"5624d633-dc9c-4c6a-ad51-dd0d8655a12e","5":"US","7":"82100b66-ace5-4bd1-a137-f11432b93451","8":"0","9":"0","10":"0","11":"107","12":"0","13":"0","14":"107","15":"0","16":"1.9814814814814814","17":"0.336","18":"0.218"},{"0":"LeeG@M365x413676.onmicrosoft.com","1":"5894557b-a010-497c-b6c2-21d879b90c7e","2":"Manufacturing","3":"Director","4":"KS","5":"US","6":"en-US","7":"82100b66-ace5-4bd1-a137-f11432b93451","8":"0","9":"0","10":"0","11":"0","12":"0","13":"0","14":"0","15":"0","16":"0.0","17":"0.766","18":"0.125"},{"0":"Hood@M365x413676.OnMicrosoft.com","1":"5b1c15c7-071e-4601-b42a-e2332d38e68f","7":"82100b66-ace5-4bd1-a137-f11432b93451","8":"763","9":"539","10":"0","11":"0","12":"0","13":"0","14":"539","15":"763","16":"24.11111111111111","17":"0.852","18":"0.721"},{"0":"NikRoom@M365x413676.onmicrosoft.com","1":"5b3cc83c-5187-4442-b7e4-b77ecb465cb7","7":"82100b66-ace5-4bd1-a137-f11432b93451","8":"41","9":"67","10":"0","11":"0","12":"0","13":"0","14":"67","15":"41","16":"2.0","17":"0.876","18":"0.556"},{"0":"sharedmailbox@M365x413676.onmicrosoft.com","1":"5c015287-61ff-44ab-8c25-2b80c4e0dac0","7":"82100b66-ace5-4bd1-a137-f11432b93451","8":"38","9":"176","10":"0","11":"0","12":"0","13":"0","14":"176","15":"38","16":"3.962962962962963","17":"0.753","18":"0.487"},{"0":"Gladys@m365x413676.onmicrosoft.com","1":"5c03d404-6642-44e4-856c-71d5b18439e8","2":"Customer & Partner Experience","3":"Program Manager 2","5":"MX","6":"en-US","7":"82100b66-ace5-4bd1-a137-f11432b93451","8":"1455","9":"1856","10":"0","11":"290","12":"0","13":"16","14":"2162","15":"1455","16":"66.98148148148148","17":"0.941","18":"0.193"},{"0":"Nik@m365x413676.onmicrosoft.com","1":"62f38b5e-cb9e-4efb-95d4-0ff4586fcc5d","2":"Customer & Partner Experience","3":"Senior Program Manager","5":"CA","7":"82100b66-ace5-4bd1-a137-f11432b93451","8":"692","9":"408","10":"0","11":"16","12":"0","13":"0","14":"424","15":"692","16":"20.666666666666668","17":"0.619","18":"0.514"},{"0":"Nik.Charlebois@M365x413676.onmicrosoft.com","1":"68b82c1d-c086-4b99-9fd0-ec7c7f222941","2":"Services","3":"Senior Premier Field Engineer","4":"Ontario","5":"CA","7":"82100b66-ace5-4bd1-a137-f11432b93451","8":"1175","9":"1593","10":"4","11":"267","12":"42","13":"4","14":"1864","15":"1221","16":"57.129629629629626","17":"0.597","18":"0.604"},{"0":"MeganB@M365x413676.onmicrosoft.com","1":"8ed20bfa-a86a-4c9d-b088-dbe8bbb4b886","2":"Marketing","3":"Marketing Manager","4":"PA","5":"US","6":"en-US","7":"82100b66-ace5-4bd1-a137-f11432b93451","8":"0","9":"0","10":"0","11":"0","12":"0","13":"0","14":"0","15":"0","16":"0.0","17":"0.534","18":"0.789"},{"0":"matt.krause@m365x413676.onmicrosoft.com","1":"9185072c-2d66-438f-8171-29462eb4ccaa","5":"US","7":"82100b66-ace5-4bd1-a137-f11432b93451","8":"0","9":"0","10":"0","11":"332","12":"8","13":"4","14":"336","15":"8","16":"6.37037037037037","17":"0.781","18":"0.628"},{"0":"Rainier@M365x413676.OnMicrosoft.com","1":"95bb0893-6bac-41a8-b810-53df3b83c50b","7":"82100b66-ace5-4bd1-a137-f11432b93451","8":"1176","9":"222","10":"0","11":"0","12":"0","13":"0","14":"222","15":"1176","16":"25.88888888888889","17":"0.602","18":"0.170"},{"0":"admin@M365x413676.onmicrosoft.com","1":"9abce74d-d108-475f-a2cb-bbb82f484982","2":"IT","5":"CA","6":"en-US","7":"82100b66-ace5-4bd1-a137-f11432b93451","8":"0","9":"0","10":"0","11":"0","12":"0","13":"0","14":"0","15":"0","16":"0.0","17":"0.045","18":"0.042"},{"0":"Simone.Stocker@m365x413676.onmicrosoft.com","1":"a0a5916c-68b9-4b95-a3e9-5f8ca7f0a526","5":"US","7":"82100b66-ace5-4bd1-a137-f11432b93451","8":"0","9":"0","10":"0","11":"121","12":"0","13":"0","14":"121","15":"0","16":"2.240740740740741","17":"0.282","18":"0.303"},{"0":"ddaianu_bpcs@m365x413676.onmicrosoft.com","1":"c78e3213-aa47-45f2-ab86-ead6ee1f5ece","5":"RO","7":"82100b66-ace5-4bd1-a137-f11432b93451","8":"1761","9":"974","10":"0","11":"168","12":"0","13":"0","14":"1142","15":"1761","16":"53.75925925925926","17":"0.543","18":"0.520"}],"schema":[{"key":"0","name":"EmailAddress","type":"string"},{"key":"1","name":"UserId","type":"string"},{"key":"2","name":"Department","type":"string"},{"key":"3","name":"Title","type":"string"},{"key":"4","name":"State","type":"string"},{"key":"5","name":"Country","type":"string"},{"key":"6","name":"Language","type":"string"},{"key":"7","name":"TenantId","type":"string"},{"key":"8","name":"EventsOrganized","type":"bigint"},{"key":"9","name":"EventsAttended","type":"bigint"},{"key":"10","name":"EmailsSent","type":"bigint"},{"key":"11","name":"EmailsReceived","type":"bigint"},{"key":"12","name":"TeamsChatMsgsSent","type":"bigint"},{"key":"13","name":"TeamsChatMsgsReceived","type":"bigint"},{"key":"14","name":"InDegrees","type":"bigint"},{"key":"15","name":"OutDegrees","type":"bigint"},{"key":"16","name":"DegreeIndex","type":"double"},{"key":"17","name":"BetweenessIndex","type":"string"},{"key":"18","name":"InfluenceIndex","type":"string"}],"truncated":false},"isSummary":false,"language":"scala"},"persist_state":{"view":{"type":"details","tableOptions":{},"chartOptions":{"chartType":"bar","aggregationType":"sum","categoryFieldKeys":["0"],"seriesFieldKeys":["8"],"isStacked":false}}}}}},"enableDebugMode":false,"kernelspec":{"name":"synapse_pyspark","display_name":"Synapse PySpark"},"language_info":{"name":"python"},"a365ComputeOptions":{"id":"/subscriptions/30a81c99-6121-40ba-99d7-ac674961cd7e/resourceGroups/rg-mgdc-ona/providers/Microsoft.Synapse/workspaces/ona-synapse/bigDataPools/onasynapsepool","name":"onasynapsepool","type":"Spark","endpoint":"https://ona-synapse.dev.azuresynapse.net/livyApi/versions/2019-11-01-preview/sparkPools/onasynapsepool","auth":{"type":"AAD","authResource":"https://dev.azuresynapse.net","authHeader":null},"sparkVersion":"3.2","nodeCount":3,"cores":4,"memory":28,"extraHeader":null},"sessionKeepAliveTimeout":30},"cells":[{"cell_type":"code","metadata":{"jupyter":{"source_hidden":false,"outputs_hidden":false},"nteract":{"transient":{"deleting":false}},"tags":["parameters"]},"source":["# Default parameters that can be freely changed or overriden by pipeline run \r\n","calendarPath = \"abfss://mgdc@onacontrolplane.dfs.core.windows.net/calendar_2022-06-01_to_2022-11-07/\"\r\n","emailPath = \"abfss://mgdc@onacontrolplane.dfs.core.windows.net/email_2022-06-01_to_2022-11-07/\"\r\n","teamsChatPath = \"abfss://mgdc@onacontrolplane.dfs.core.windows.net/teamschat_2022-06-01_to_2022-11-07/\"\r\n","userPath = \"abfss://mgdc@onacontrolplane.dfs.core.windows.net/user_2022-06-01_to_2022-11-07/\"\r\n","usersOutputPath = \"abfss://output@onacontrolplane.dfs.core.windows.net/users_2022-06-01_to_2022-11-07.csv\"\r\n","interactionsOutputPath = \"abfss://output@onacontrolplane.dfs.core.windows.net/interactions_2022-06-01_to_2022-11-07.csv\""],"outputs":[{"output_type":"display_data","data":{"application/vnd.livy.statement-meta+json":{"spark_pool":null,"session_id":null,"statement_id":null,"state":"finished","livy_statement_state":null,"queued_time":"2022-11-08T22:24:09.7133531Z","session_start_time":null,"execution_start_time":null,"execution_finish_time":"2022-11-08T22:24:09.8988667Z","spark_jobs":null},"text/plain":"StatementMeta(, , , Finished, )"},"metadata":{}},{"output_type":"error","ename":"LIVY_JOB_TIMED_OUT","evalue":"Livy session has failed. Session state: Dead. Error code: LIVY_JOB_TIMED_OUT. [plugins.ona-synapse.onasynapsepool.46 WorkspaceType:<Synapse> CCID:<d816172a-2b5d-489a-b7a7-7830eb78d33d>] [Monitoring] Livy Endpoint=[https://hubservice1.eastus.azuresynapse.net:8001/api/v1.0/publish/e9994b07-d3cd-4e2e-92cf-ff4bb3849a75]. Livy Id=[0]  Job failed during run time with state=[dead]. Source: Unknown.","traceback":["LIVY_JOB_TIMED_OUT: Livy session has failed. Session state: Dead. Error code: LIVY_JOB_TIMED_OUT. [plugins.ona-synapse.onasynapsepool.46 WorkspaceType:<Synapse> CCID:<d816172a-2b5d-489a-b7a7-7830eb78d33d>] [Monitoring] Livy Endpoint=[https://hubservice1.eastus.azuresynapse.net:8001/api/v1.0/publish/e9994b07-d3cd-4e2e-92cf-ff4bb3849a75]. Livy Id=[0]  Job failed during run time with state=[dead]. Source: Unknown."]}],"execution_count":105},{"cell_type":"code","metadata":{"microsoft":{},"collapsed":false},"source":["# Load data\r\n","meetingsRaw = spark.read.json(calendarPath)\r\n","display(meetingsRaw.limit(1))\r\n","emailsRaw = spark.read.json(emailPath)\r\n","display(emailsRaw.limit(1))\r\n","teamschatsRaw = spark.read.json(teamsChatPath)\r\n","display(teamschatsRaw.limit(1))\r\n","usersRaw = spark.read.json(userPath)\r\n","display(usersRaw.limit(1))\r\n",""],"outputs":[{"output_type":"display_data","data":{"application/vnd.livy.statement-meta+json":{"spark_pool":null,"session_id":null,"statement_id":null,"state":"cancelled","livy_statement_state":null,"queued_time":"2022-11-08T22:24:09.8137758Z","session_start_time":null,"execution_start_time":null,"execution_finish_time":"2022-11-08T22:24:09.9153753Z","spark_jobs":null},"text/plain":"StatementMeta(, , , Cancelled, )"},"metadata":{}}]},{"cell_type":"code","metadata":{"jupyter":{"source_hidden":false,"outputs_hidden":false},"nteract":{"transient":{"deleting":false}}},"source":["# Drop duplicates\r\n","usersDedup = usersRaw.dropDuplicates([\"puser\"])\r\n","emailsDedup = emailsRaw.dropDuplicates([\"Id\"]).select(\"Sender\", \"ToRecipients\")\r\n","teamschatsDedup = teamschatsRaw.dropDuplicates([\"Id\"]).select(\"Sender\", \"ToRecipients\")\r\n","meetingsDedup = meetingsRaw.dropDuplicates([\"Id\"]).select(\"organizer\", \"attendees\")\r\n","\r\n","print(f\"# usersRaw: {usersRaw.count()}\")\r\n","print(f\"# usersDedup: {usersDedup.count()}\")\r\n","print(f\"# emailsRaw: {emailsRaw.count()}\")\r\n","print(f\"# emailsDedup: {emailsDedup.count()}\")\r\n","print(f\"# teamschatsRaw: {teamschatsRaw.count()}\")\r\n","print(f\"# teamschatsDedup: {teamschatsDedup.count()}\")\r\n","print(f\"# meetingsRaw: {meetingsRaw.count()}\")\r\n","print(f\"# meetingsDedup: {meetingsDedup.count()}\")"],"outputs":[]},{"cell_type":"code","metadata":{"jupyter":{"source_hidden":false,"outputs_hidden":false},"nteract":{"transient":{"deleting":false}}},"source":["from pyspark.sql.functions import coalesce, col, explode, format_number, isnull, lit, rand, round, size \r\n","\r\n","from hashlib import blake2b\r\n","blakehash = blake2b(digest_size = 24)"],"outputs":[]},{"cell_type":"code","metadata":{"jupyter":{"source_hidden":false,"outputs_hidden":false},"nteract":{"transient":{"deleting":false}},"collapsed":false},"source":["# Explode row with one sender -> N recipients into N rows\r\n","emails = emailsDedup.where(size(col(\"ToRecipients\")) <= 5) \\\r\n","                    .select(col(\"Sender.EmailAddress.Address\").alias(\"sender\"), explode(col(\"ToRecipients\")).alias(\"exploded\")) \\\r\n","                    .withColumn(\"src\", blakehash.update(col(\"sender\").encode('utf-8').hex()).hexdigest()) \\\r\n","                    .withColumn(\"dst\", blakehash.update(col(\"sender\").encode('utf-8').hex()).hexdigest)) \\\r\n","                    #.select(col(\"srcHashed\"), col(\"exploded.EmailAddress.Address\").alias(\"dst\")) \\\r\n","                    .select(col(\"src\"), col(\"dst\")) \\\r\n","                    .where(col(\"src\") != col(\"dst\"))\r\n","display(emails.limit(10))"],"outputs":[{"output_type":"display_data","data":{"application/vnd.livy.statement-meta+json":{"spark_pool":null,"session_id":null,"statement_id":null,"state":"cancelled","livy_statement_state":null,"queued_time":"2022-11-08T20:51:38.2316361Z","session_start_time":null,"execution_start_time":null,"execution_finish_time":"2022-11-08T20:51:38.297354Z","spark_jobs":null},"text/plain":"StatementMeta(, , , Cancelled, )"},"metadata":{}}]},{"cell_type":"code","metadata":{"jupyter":{"source_hidden":false,"outputs_hidden":false},"nteract":{"transient":{"deleting":false}},"collapsed":false},"source":["# Explode row with one sender -> N recipients into N rows\r\n","teamschats = teamschatsDedup.where(size(col(\"ToRecipients\")) <= 5) \\\r\n","                            .select(col(\"Sender.EmailAddress.Address\").alias(\"src\"), explode(col(\"ToRecipients\")).alias(\"exploded\")) \\\r\n","                            .select(col(\"src\"), col(\"exploded.EmailAddress.Address\").alias(\"dst\")) \\\r\n","                            .where(col(\"src\") != col(\"dst\"))\r\n","#display(teamschats.limit(10))"],"outputs":[]},{"cell_type":"code","metadata":{"jupyter":{"source_hidden":false,"outputs_hidden":false},"nteract":{"transient":{"deleting":false}},"collapsed":false},"source":["# Explode row with one organizer -> N attendees into N rows\r\n","meetings = meetingsDedup.where(size(col(\"attendees\")) <= 5) \\\r\n","                        .select(col(\"organizer.emailAddress.address\").alias(\"src\"), explode(col(\"attendees\")).alias(\"exploded\")) \\\r\n","                        .select(col(\"src\"), col(\"exploded.emailAddress.address\").alias(\"dst\")) \\\r\n","                        .where(col(\"src\") != col(\"dst\"))\r\n",""],"outputs":[{"output_type":"display_data","data":{"application/vnd.livy.statement-meta+json":{"spark_pool":"onasynapsepool","session_id":"45","statement_id":23,"state":"finished","livy_statement_state":"available","queued_time":"2022-11-08T17:44:17.3975071Z","session_start_time":null,"execution_start_time":"2022-11-08T17:44:34.0787215Z","execution_finish_time":"2022-11-08T17:44:34.3108931Z","spark_jobs":null},"text/plain":"StatementMeta(onasynapsepool, 45, 23, Finished, Available)"},"metadata":{}}],"execution_count":91},{"cell_type":"code","metadata":{"jupyter":{"source_hidden":false,"outputs_hidden":false},"nteract":{"transient":{"deleting":false}},"collapsed":false},"source":["# Join after counting all email, teamsChat, meeting\r\n","emailEdges = emails.groupBy(\"src\", \"dst\").count().select(col(\"src\").alias(\"src1\"), col(\"dst\").alias(\"dst1\"), col(\"count\").alias(\"numEmail\"))\r\n","teamsChatEdges = teamschats.groupBy(\"src\", \"dst\").count().select(col(\"src\").alias(\"src2\"), col(\"dst\").alias(\"dst2\"), col(\"count\").alias(\"numTeamsChat\"))\r\n","meetingEdges = meetings.groupBy(\"src\", \"dst\").count().select(col(\"src\").alias(\"src3\"), col(\"dst\").alias(\"dst3\"), col(\"count\").alias(\"numMeeting\"))\r\n","\r\n","allEdges = emailEdges.alias(\"e\").join(teamsChatEdges.alias(\"t\"), (col(\"src1\") == col(\"src2\")) & (col(\"dst1\") == col(\"dst2\")), \"full\") \\\r\n","                             .join(meetingEdges.alias(\"m\"), (col(\"src1\") == col(\"src3\")) & (col(\"dst1\") == col(\"dst3\")), \"full\")\r\n","#display(allEdges.limit(100))"],"outputs":[{"output_type":"display_data","data":{"application/vnd.livy.statement-meta+json":{"spark_pool":"onasynapsepool","session_id":"45","statement_id":24,"state":"finished","livy_statement_state":"available","queued_time":"2022-11-08T17:44:17.5645926Z","session_start_time":null,"execution_start_time":"2022-11-08T17:44:34.6410327Z","execution_finish_time":"2022-11-08T17:44:34.8338689Z","spark_jobs":null},"text/plain":"StatementMeta(onasynapsepool, 45, 24, Finished, Available)"},"metadata":{}}],"execution_count":92},{"cell_type":"code","metadata":{"jupyter":{"source_hidden":false,"outputs_hidden":false},"nteract":{"transient":{"deleting":false}},"collapsed":false},"source":["# Coalesce together src/dst duplicate columns after join\r\n","edges = allEdges.select(\r\n","    coalesce( *[col(c) for c in ['src1', 'src2', 'src3']]).alias('src'),\r\n","    coalesce( *[col(c) for c in ['dst1', 'dst2', 'dst3']]).alias('dst'),\r\n","    col('numEmail'),\r\n","    col('numTeamsChat'),\r\n","    col('numMeeting')\r\n",").fillna(0)\r\n","display(edges.limit(100))\r\n","edges.coalesce(1).write.option(\"header\", True).mode(\"overwrite\").csv(interactionsOutputPath)"],"outputs":[{"output_type":"display_data","data":{"application/vnd.livy.statement-meta+json":{"spark_pool":"onasynapsepool","session_id":"45","statement_id":25,"state":"finished","livy_statement_state":"available","queued_time":"2022-11-08T17:44:17.7106341Z","session_start_time":null,"execution_start_time":"2022-11-08T17:44:35.0395733Z","execution_finish_time":"2022-11-08T17:44:43.6666797Z","spark_jobs":null},"text/plain":"StatementMeta(onasynapsepool, 45, 25, Finished, Available)"},"metadata":{}},{"output_type":"display_data","data":{"application/vnd.synapse.widget-view+json":{"widget_id":"19bb2435-b8b8-48e2-9b99-3662fdf8be42","widget_type":"Synapse.DataFrame"},"text/plain":"SynapseWidget(Synapse.DataFrame, 19bb2435-b8b8-48e2-9b99-3662fdf8be42)"},"metadata":{}}],"execution_count":93},{"cell_type":"code","metadata":{"jupyter":{"source_hidden":false,"outputs_hidden":false},"nteract":{"transient":{"deleting":false}},"collapsed":false},"source":["eventsOrganized = meetings.groupBy(\"src\").count().withColumnRenamed(\"count\", \"EventsOrganized\")\r\n","eventsAttended = meetings.groupBy(\"dst\").count().withColumnRenamed(\"count\", \"EventsAttended\")\r\n","emailsSent = emails.groupBy(\"src\").count().withColumnRenamed(\"count\", \"EmailsSent\")\r\n","emailsReceived = emails.groupBy(\"dst\").count().withColumnRenamed(\"count\", \"EmailsReceived\")\r\n","teamsChatsSent = teamschats.groupBy(\"src\").count().withColumnRenamed(\"count\", \"TeamsChatMsgsSent\")\r\n","teamsChatsReceived = teamschats.groupBy(\"dst\").count().withColumnRenamed(\"count\", \"TeamsChatMsgsReceived\")\r\n","display(emailsSent.limit(10))"],"outputs":[{"output_type":"display_data","data":{"application/vnd.livy.statement-meta+json":{"spark_pool":"onasynapsepool","session_id":"45","statement_id":26,"state":"finished","livy_statement_state":"available","queued_time":"2022-11-08T17:44:17.895147Z","session_start_time":null,"execution_start_time":"2022-11-08T17:44:43.8220649Z","execution_finish_time":"2022-11-08T17:44:45.9132928Z","spark_jobs":null},"text/plain":"StatementMeta(onasynapsepool, 45, 26, Finished, Available)"},"metadata":{}},{"output_type":"display_data","data":{"application/vnd.synapse.widget-view+json":{"widget_id":"ec3f6ad4-3257-4f21-9b15-bb3b517660ec","widget_type":"Synapse.DataFrame"},"text/plain":"SynapseWidget(Synapse.DataFrame, ec3f6ad4-3257-4f21-9b15-bb3b517660ec)"},"metadata":{}}],"execution_count":94},{"cell_type":"code","metadata":{"jupyter":{"source_hidden":false,"outputs_hidden":false},"nteract":{"transient":{"deleting":false}},"collapsed":false},"source":["usersRenamed = usersDedup.selectExpr(\"userPrincipalName as EmailAddress\", \"puser as UserId\",\"department as Department\",\"jobTitle as Title\", \r\n","                                     \"state as State\",\"usageLocation as Country\",\"preferredLanguage as Language\",\"ptenant as TenantId\")\r\n","usersJoined = usersRenamed.join(eventsOrganized, col(\"src\") == col(\"EmailAddress\"), \"left\").drop(\"src\") \\\r\n","                          .join(eventsAttended, col(\"dst\") == col(\"EmailAddress\"), \"left\").drop(\"dst\") \\\r\n","                          .join(emailsSent, col(\"src\") == col(\"EmailAddress\"), \"left\").drop(\"src\") \\\r\n","                          .join(emailsReceived, col(\"dst\") == col(\"EmailAddress\"), \"left\").drop(\"dst\") \\\r\n","                          .join(teamsChatsSent, col(\"src\") == col(\"EmailAddress\"), \"left\").drop(\"src\") \\\r\n","                          .join(teamsChatsReceived, col(\"dst\") == col(\"EmailAddress\"), \"left\").drop(\"dst\") \\\r\n","                          .fillna(0)\r\n","numUsers = usersJoined.count()\r\n","print(f\"numUsers: {numUsers}\")"],"outputs":[{"output_type":"display_data","data":{"application/vnd.livy.statement-meta+json":{"spark_pool":"onasynapsepool","session_id":"45","statement_id":27,"state":"finished","livy_statement_state":"available","queued_time":"2022-11-08T17:44:18.074366Z","session_start_time":null,"execution_start_time":"2022-11-08T17:44:46.0909456Z","execution_finish_time":"2022-11-08T17:44:52.0285582Z","spark_jobs":null},"text/plain":"StatementMeta(onasynapsepool, 45, 27, Finished, Available)"},"metadata":{}},{"name":"stdout","output_type":"stream","text":"numUsers: 27\n"}],"execution_count":95},{"cell_type":"code","metadata":{"jupyter":{"source_hidden":false,"outputs_hidden":false},"nteract":{"transient":{"deleting":false}}},"source":["from graphframes import GraphFrame\r\n","vertices = usersJoined.selectExpr(\"EmailAddress as id\")\r\n","graph = GraphFrame(vertices, edges)\r\n",""],"outputs":[{"output_type":"display_data","data":{"application/vnd.livy.statement-meta+json":{"spark_pool":"onasynapsepool","session_id":"45","statement_id":28,"state":"finished","livy_statement_state":"available","queued_time":"2022-11-08T17:44:18.2329274Z","session_start_time":null,"execution_start_time":"2022-11-08T17:44:52.1868876Z","execution_finish_time":"2022-11-08T17:44:52.3594371Z","spark_jobs":null},"text/plain":"StatementMeta(onasynapsepool, 45, 28, Finished, Available)"},"metadata":{}}],"execution_count":96},{"cell_type":"code","metadata":{"jupyter":{"source_hidden":false,"outputs_hidden":false},"nteract":{"transient":{"deleting":false}},"collapsed":false},"source":["# Calculate betweeness by counting the number of time each node appears on shortest paths between sampled src->dst nodes\r\n","\r\n","# parameters for tuning the cost of betweeness calculation\r\n","dstNodesLimit = 5 # num of destination nodes to sample for calculating shortest paths\r\n","bfsPathLimit = 5 # max shortest path length\r\n","\r\n","import random\r\n","nodes = vertices.collect()\r\n","\r\n","for src in nodes:\r\n","    pathCount = 0\r\n","    dstNodes = random.shuffle(nodes)\r\n","    for dst in destNodes:\r\n","\r\n","        if (src.id == dst.id):\r\n","            continue\r\n","\r\n","        \r\n","        shortestPaths = graph.bfs(f\"id == '{src.id}'\", f\"id == '{dst.id}'\", maxPathLength = bfsPathLimit)\r\n","        #result = graph.bfs(\"id == 'MeganB@M365x413676.OnMicrosoft.com'\", \"id == 'LidiaH@M365x413676.OnMicrosoft.com'\", maxPathLength = 5)\r\n","        #result = graph.bfs(\"id == 'Gladys@m365x413676.onmicrosoft.com'\", \"id == 'Nik.Charlebois@M365x413676.onmicrosoft.com'\", maxPathLength = 5)\r\n","        #result = graph.bfs(\"id == 'BrianJ@M365x413676.OnMicrosoft.com'\", \"id == 'Crystal@M365x413676.OnMicrosoft.com'\", maxPathLength = 5)\r\n","        #display(result)\r\n","        #graph.bfs(col(\"id\") == \"Patrick.Mahoney@m365x413676.onmicrosoft.com\", col(\"id\") == \"Crystal@M365x413676.OnMicrosoft.com\")\r\n","        if (shortestPaths.count > 0)\r\n","            \r\n","\r\n","        pathCount += 1\r\n","        if (pathCount >= dstNodesLimit)\r\n","            break\r\n","    #break\r\n","print(nodeCount)"],"outputs":[{"output_type":"display_data","data":{"application/vnd.livy.statement-meta+json":{"spark_pool":"onasynapsepool","session_id":"45","statement_id":29,"state":"finished","livy_statement_state":"available","queued_time":"2022-11-08T17:44:18.3883612Z","session_start_time":null,"execution_start_time":"2022-11-08T17:44:52.5254599Z","execution_finish_time":"2022-11-08T17:46:18.586809Z","spark_jobs":null},"text/plain":"StatementMeta(onasynapsepool, 45, 29, Finished, Available)"},"metadata":{}},{"output_type":"display_data","data":{"application/vnd.synapse.widget-view+json":{"widget_id":"c70717e2-9375-4a8c-b359-dba8c102674a","widget_type":"Synapse.DataFrame"},"text/plain":"SynapseWidget(Synapse.DataFrame, c70717e2-9375-4a8c-b359-dba8c102674a)"},"metadata":{}},{"name":"stdout","output_type":"stream","text":"2\n"}],"execution_count":97},{"cell_type":"code","metadata":{"jupyter":{"source_hidden":false,"outputs_hidden":false},"nteract":{"transient":{"deleting":false}}},"source":["# Calculate page rank for all nodes in the graph and normalize\r\n","pagerank = graph.pageRank(resetProbability=0.15, sourceId=None, maxIter=None, tol=0.001)"],"outputs":[{"output_type":"display_data","data":{"application/vnd.livy.statement-meta+json":{"spark_pool":"onasynapsepool","session_id":"45","statement_id":30,"state":"finished","livy_statement_state":"available","queued_time":"2022-11-08T17:44:18.5390212Z","session_start_time":null,"execution_start_time":"2022-11-08T17:46:18.7725752Z","execution_finish_time":"2022-11-08T17:46:54.6417775Z","spark_jobs":null},"text/plain":"StatementMeta(onasynapsepool, 45, 30, Finished, Available)"},"metadata":{}}],"execution_count":98},{"cell_type":"code","metadata":{"jupyter":{"source_hidden":false,"outputs_hidden":false},"nteract":{"transient":{"deleting":false}}},"source":["pagerank.vertices.limit(20).show()"],"outputs":[{"output_type":"display_data","data":{"application/vnd.livy.statement-meta+json":{"spark_pool":"onasynapsepool","session_id":"45","statement_id":31,"state":"finished","livy_statement_state":"available","queued_time":"2022-11-08T17:44:18.683444Z","session_start_time":null,"execution_start_time":"2022-11-08T17:46:54.786823Z","execution_finish_time":"2022-11-08T17:47:04.7544506Z","spark_jobs":null},"text/plain":"StatementMeta(onasynapsepool, 45, 31, Finished, Available)"},"metadata":{}},{"name":"stdout","output_type":"stream","text":"+--------------------+------------------+\n|                  id|          pagerank|\n+--------------------+------------------+\n|Rainier@M365x4136...| 2.178246503645881|\n|Chantrelle@m365x4...|1.2127756745970393|\n|Patrick.Mahoney@m...|0.2559029512790923|\n|Yina@m365x413676....|0.2559029512790923|\n|sharedmailbox@M36...| 1.348252899987706|\n|ege.onelcin@m365x...|0.2559029512790923|\n|Hood@M365x413676....|1.4109368990065785|\n|MeganB@M365x41367...|0.2559029512790923|\n|Jeremy@m365x41367...|0.5011812353220512|\n|BrianJ@M365x41367...|1.8447172420764064|\n|gmackinnon@m365x4...|0.2559029512790923|\n|Gladys@m365x41367...| 2.776447848482588|\n|Simone.Stocker@m3...|0.2559029512790923|\n|Nik.Charlebois@M3...|1.8305322048101256|\n|Nik@m365x413676.o...|2.1403910146477565|\n|O365DSCSharedMail...|0.2559029512790923|\n|LynneR@M365x41367...|0.2559029512790923|\n|matt.krause@m365x...|0.2559029512790923|\n|Xitao@m365x413676...|0.2559029512790923|\n|admin@M365x413676...|0.2559029512790923|\n+--------------------+------------------+\n\n"}],"execution_count":99},{"cell_type":"code","metadata":{"jupyter":{"source_hidden":false,"outputs_hidden":false},"nteract":{"transient":{"deleting":false}},"collapsed":false},"source":["usersEnriched = usersJoined.withColumn(\"InDegrees\", col(\"EventsAttended\") + col(\"EmailsReceived\") + col(\"TeamsChatMsgsReceived\")) \\\r\n","                           .withColumn(\"OutDegrees\", col(\"EventsOrganized\") + col(\"EmailsSent\") + col(\"TeamsChatMsgsSent\")) \\\r\n","                           .withColumn(\"DegreeIndex\", (col(\"InDegrees\") + col(\"OutDegrees\")) / (2 * numUsers)) \\\r\n","                           .withColumn(\"BetweenessIndex\", format_number(rand(), 3)) \\\r\n","                           .withColumn(\"InfluenceIndex\", format_number(rand(), 3))\r\n","display(usersEnriched.where(~isnull(col(\"EventsOrganized\"))).limit(20))\r\n","usersEnriched.coalesce(1).write.option(\"header\", True).mode(\"overwrite\").csv(usersOutputPath)"],"outputs":[{"output_type":"display_data","data":{"application/vnd.livy.statement-meta+json":{"spark_pool":"onasynapsepool","session_id":"45","statement_id":32,"state":"finished","livy_statement_state":"available","queued_time":"2022-11-08T17:44:19.0282985Z","session_start_time":null,"execution_start_time":"2022-11-08T17:47:04.9103392Z","execution_finish_time":"2022-11-08T17:47:20.1213095Z","spark_jobs":null},"text/plain":"StatementMeta(onasynapsepool, 45, 32, Finished, Available)"},"metadata":{}},{"output_type":"display_data","data":{"application/vnd.synapse.widget-view+json":{"widget_id":"44d90e82-2a25-4c32-8b75-5a821ced0ca1","widget_type":"Synapse.DataFrame"},"text/plain":"SynapseWidget(Synapse.DataFrame, 44d90e82-2a25-4c32-8b75-5a821ced0ca1)"},"metadata":{}}],"execution_count":100}]},"dependsOn":[]},{"name":"[concat(parameters('workspaceName'), '/onasynapsepool')]","type":"Microsoft.Synapse/workspaces/bigDataPools","apiVersion":"2019-06-01-preview","properties":{"autoPause":{"enabled":true,"delayInMinutes":15},"autoScale":{"enabled":true,"maxNodeCount":3,"minNodeCount":3},"nodeCount":3,"nodeSize":"Small","nodeSizeFamily":"MemoryOptimized","sparkVersion":"3.2","isComputeIsolationEnabled":false,"sessionLevelPackagesEnabled":true,"customLibraries":[{"name":"graphframes-0.8.2-py3-none-any.whl","path":"ona-synapse/libraries/graphframes-0.8.2-py3-none-any.whl","containerName":"prep","uploadedTimestamp":"0001-01-01T00:00:00+00:00","type":"whl"},{"name":"graphframes-0.8.2-spark3.2-s_2.12.jar","path":"ona-synapse/libraries/graphframes-0.8.2-spark3.2-s_2.12.jar","containerName":"prep","uploadedTimestamp":"0001-01-01T00:00:00+00:00","type":"jar"}],"annotations":[]},"dependsOn":[],"location":"eastus"},{"name":"[concat(parameters('workspaceName'), '/Microsoft365UserTable')]","type":"Microsoft.Synapse/workspaces/datasets","apiVersion":"2019-06-01-preview","properties":{"linkedServiceName":{"referenceName":"[parameters('Microsoft365')]","type":"LinkedServiceReference"},"annotations":[],"type":"Office365Table","schema":[],"typeProperties":{"tableName":"BasicDataSet_v0.User_v1"}},"dependsOn":[]},{"name":"[concat(parameters('workspaceName'), '/UserSink')]","type":"Microsoft.Synapse/workspaces/datasets","apiVersion":"2019-06-01-preview","properties":{"linkedServiceName":{"referenceName":"[parameters('MGDCSink')]","type":"LinkedServiceReference"},"parameters":{"FolderName":{"type":"string"}},"annotations":[],"type":"Binary","typeProperties":{"location":{"type":"AzureBlobFSLocation","folderPath":{"value":"@dataset().FolderName","type":"Expression"},"fileSystem":"mgdc"}}},"dependsOn":[]},{"name":"[concat(parameters('workspaceName'), '/Microsoft365EmailTable')]","type":"Microsoft.Synapse/workspaces/datasets","apiVersion":"2019-06-01-preview","properties":{"linkedServiceName":{"referenceName":"[parameters('Microsoft365')]","type":"LinkedServiceReference"},"annotations":[],"type":"Office365Table","schema":[],"typeProperties":{"tableName":"BasicDataSet_v0.Message_v1"}},"dependsOn":[]},{"name":"[concat(parameters('workspaceName'), '/EmailSink')]","type":"Microsoft.Synapse/workspaces/datasets","apiVersion":"2019-06-01-preview","properties":{"linkedServiceName":{"referenceName":"[parameters('MGDCSink')]","type":"LinkedServiceReference"},"parameters":{"FolderName":{"type":"string"}},"annotations":[],"type":"Binary","typeProperties":{"location":{"type":"AzureBlobFSLocation","folderPath":{"value":"@dataset().FolderName","type":"Expression"},"fileSystem":"mgdc"}}},"dependsOn":[]},{"name":"[concat(parameters('workspaceName'), '/Microsoft365TeamsChatTable')]","type":"Microsoft.Synapse/workspaces/datasets","apiVersion":"2019-06-01-preview","properties":{"linkedServiceName":{"referenceName":"[parameters('Microsoft365')]","type":"LinkedServiceReference"},"annotations":[],"type":"Office365Table","schema":[],"typeProperties":{"tableName":"BasicDataSet_v0.TeamChat_v1"}},"dependsOn":[]},{"name":"[concat(parameters('workspaceName'), '/TeamsChatSink')]","type":"Microsoft.Synapse/workspaces/datasets","apiVersion":"2019-06-01-preview","properties":{"linkedServiceName":{"referenceName":"[parameters('MGDCSink')]","type":"LinkedServiceReference"},"parameters":{"FolderName":{"type":"string"}},"annotations":[],"type":"Binary","typeProperties":{"location":{"type":"AzureBlobFSLocation","folderPath":{"value":"@dataset().FolderName","type":"Expression"},"fileSystem":"mgdc"}}},"dependsOn":[]},{"name":"[concat(parameters('workspaceName'), '/Microsoft365CalendarTable')]","type":"Microsoft.Synapse/workspaces/datasets","apiVersion":"2019-06-01-preview","properties":{"linkedServiceName":{"referenceName":"[parameters('Microsoft365')]","type":"LinkedServiceReference"},"annotations":[],"type":"Office365Table","schema":[],"typeProperties":{"tableName":"BasicDataSet_v0.CalendarView_v0"}},"dependsOn":[]},{"name":"[concat(parameters('workspaceName'), '/CalendarSink')]","type":"Microsoft.Synapse/workspaces/datasets","apiVersion":"2019-06-01-preview","properties":{"linkedServiceName":{"referenceName":"[parameters('MGDCSink')]","type":"LinkedServiceReference"},"parameters":{"FolderName":{"type":"string"}},"annotations":[],"type":"Binary","typeProperties":{"location":{"type":"AzureBlobFSLocation","folderPath":{"value":"@dataset().FolderName","type":"Expression"},"fileSystem":"mgdc"}}},"dependsOn":[]},{"name":"[concat(parameters('workspaceName'), '/default')]","type":"Microsoft.Synapse/workspaces/managedVirtualNetworks","apiVersion":"2019-06-01-preview","properties":{},"dependsOn":[]}]}