{"$schema":"http://schema.management.azure.com/schemas/2015-01-01/deploymentTemplate.json#","contentVersion":"1.0.0.0","parameters":{"workspaceName":{"type":"string","metadata":"Workspace name","defaultValue":"onasynapsedjtgcd3wlt2vc"},"Microsoft365":{"type":"string"},"ADLSona":{"type":"string"}},"variables":{"workspaceId":"[concat('Microsoft.Synapse/workspaces/', parameters('workspaceName'))]"},"resources":[{"name":"[concat(parameters('workspaceName'), '/ONA')]","type":"Microsoft.Synapse/workspaces/pipelines","apiVersion":"2019-06-01-preview","properties":{"activities":[{"name":"If GetUserData is true","type":"IfCondition","dependsOn":[{"activity":"Set User FolderName","dependencyConditions":["Succeeded"]}],"userProperties":[],"typeProperties":{"expression":{"value":"@pipeline().parameters.GetUserData","type":"Expression"},"ifTrueActivities":[{"name":"M365UserDataCopyPipeline","type":"ExecutePipeline","dependsOn":[],"userProperties":[],"typeProperties":{"pipeline":{"referenceName":"M365UserDataCopyPipeline","type":"PipelineReference"},"waitOnCompletion":true,"parameters":{"StartDate":{"value":"@pipeline().parameters.StartDate","type":"Expression"},"EndDate":{"value":"@pipeline().parameters.EndDate","type":"Expression"},"UserFolderName":{"value":"@variables('UserFolderName')","type":"Expression"},"ExtractToParquet":{"value":"@pipeline().parameters.ExtractToParquet","type":"Expression"}}}}]}},{"name":"If GetEmailData is true","type":"IfCondition","dependsOn":[{"activity":"Set Email FolderName","dependencyConditions":["Succeeded"]}],"userProperties":[],"typeProperties":{"expression":{"value":"@pipeline().parameters.GetEmailData","type":"Expression"},"ifTrueActivities":[{"name":"M365EmailDataCopyPipeline","type":"ExecutePipeline","dependsOn":[],"userProperties":[],"typeProperties":{"pipeline":{"referenceName":"M365EmailDataCopyPipeline","type":"PipelineReference"},"waitOnCompletion":true,"parameters":{"StartDate":{"value":"@pipeline().parameters.StartDate","type":"Expression"},"EndDate":{"value":"@pipeline().parameters.EndDate","type":"Expression"},"EmailFolderName":{"value":"@variables('EmailFolderName')","type":"Expression"},"ExtractToParquet":{"value":"@pipeline().parameters.ExtractToParquet","type":"Expression"}}}}]}},{"name":"If GetTeamsChatData is true","type":"IfCondition","dependsOn":[{"activity":"Set TeamsChat FolderName","dependencyConditions":["Succeeded"]}],"userProperties":[],"typeProperties":{"expression":{"value":"@pipeline().parameters.GetTeamsChatData","type":"Expression"},"ifTrueActivities":[{"name":"M365TeamsChatDataCopyPipeline","type":"ExecutePipeline","dependsOn":[],"userProperties":[],"typeProperties":{"pipeline":{"referenceName":"M365TeamsChatDataCopyPipeline","type":"PipelineReference"},"waitOnCompletion":true,"parameters":{"StartDate":{"value":"@pipeline().parameters.StartDate","type":"Expression"},"EndDate":{"value":"@pipeline().parameters.EndDate","type":"Expression"},"TeamsChatFolderName":{"value":"@variables('TeamsChatFolderName')","type":"Expression"},"ExtractToParquet":{"value":"@pipeline().parameters.ExtractToParquet","type":"Expression"}}}}]}},{"name":"If GetCalendarData is true","type":"IfCondition","dependsOn":[{"activity":"Set Calendar FileName","dependencyConditions":["Succeeded"]}],"userProperties":[],"typeProperties":{"expression":{"value":"@pipeline().parameters.GetCalendarData","type":"Expression"},"ifTrueActivities":[{"name":"M365CalendarDataCopyPipeline","type":"ExecutePipeline","dependsOn":[],"userProperties":[],"typeProperties":{"pipeline":{"referenceName":"M365CalendarDataCopyPipeline","type":"PipelineReference"},"waitOnCompletion":true,"parameters":{"StartDate":{"value":"@pipeline().parameters.StartDate","type":"Expression"},"EndDate":{"value":"@pipeline().parameters.EndDate","type":"Expression"},"CalendarFolderName":{"value":"@variables('CalendarFolderName')","type":"Expression"},"IsParquet":{"value":"@pipeline().parameters.ExtractToParquet","type":"Expression"}}}}]}},{"name":"Run ONA Notebook","type":"SynapseNotebook","dependsOn":[{"activity":"Convert StorageUrl to Abfss Path","dependencyConditions":["Succeeded"]}],"policy":{"timeout":"2.00:00:00","retry":0,"retryIntervalInSeconds":30,"secureOutput":false,"secureInput":false},"userProperties":[],"typeProperties":{"notebook":{"referenceName":"ONA","type":"NotebookReference"},"parameters":{"calendarPath":{"value":{"value":"@concat(variables('StorageAbfssPath'), variables('CalendarFolderName'))","type":"Expression"},"type":"string"},"emailPath":{"value":{"value":"@concat(variables('StorageAbfssPath'), variables('EmailFolderName'))\n","type":"Expression"},"type":"string"},"teamsChatPath":{"value":{"value":"@concat(variables('StorageAbfssPath'), variables('TeamsChatFolderName'))","type":"Expression"},"type":"string"},"userPath":{"value":{"value":"@concat(variables('StorageAbfssPath'), variables('UserFolderName'))","type":"Expression"},"type":"string"},"usersOutputPath":{"value":{"value":"@concat(replace(variables('StorageAbfssPath'),'mgdc@','output@'),'users_', pipeline().parameters.StartDate, '_to_', pipeline().parameters.EndDate, '.csv')","type":"Expression"},"type":"string"},"interactionsOutputPath":{"value":{"value":"@concat(replace(variables('StorageAbfssPath'),'mgdc@','output@'),'interactions_', pipeline().parameters.StartDate, '_to_', pipeline().parameters.EndDate, '.csv')","type":"Expression"},"type":"string"},"period":{"value":{"value":"@concat(pipeline().parameters.StartDate, ' to ', pipeline().parameters.EndDate)","type":"Expression"},"type":"string"},"obfuscateEmails":{"value":{"value":"@bool(1)","type":"Expression"},"type":"bool"},"isParquetInput":{"value":{"value":"@pipeline().parameters.ExtractToParquet","type":"Expression"},"type":"bool"},"outputFormat":{"value":{"value":"@pipeline().parameters.OutputFormat","type":"Expression"},"type":"string"},"interactionsGraphOutputPath":{"value":{"value":"@concat(replace(variables('StorageAbfssPath'),'mgdc@','output@'),'interactionsGraph_', pipeline().parameters.StartDate, '_to_', pipeline().parameters.EndDate, '.csv')","type":"Expression"},"type":"string"}},"snapshot":true,"executorSize":null,"conf":{"spark.dynamicAllocation.enabled":null,"spark.dynamicAllocation.minExecutors":null,"spark.dynamicAllocation.maxExecutors":null},"driverSize":null,"numExecutors":null}},{"name":"Set User FolderName","type":"SetVariable","dependsOn":[],"policy":{"secureOutput":false,"secureInput":false},"userProperties":[],"typeProperties":{"variableName":"UserFolderName","value":{"value":"@if(pipeline().parameters.ExtractToParquet,\n    concat('user_', pipeline().parameters.StartDate, '_to_', pipeline().parameters.EndDate, '_parquet'), \n    concat('user_', pipeline().parameters.StartDate, '_to_', pipeline().parameters.EndDate, '_json'))","type":"Expression"}}},{"name":"Set Email FolderName","type":"SetVariable","dependsOn":[],"policy":{"secureOutput":false,"secureInput":false},"userProperties":[],"typeProperties":{"variableName":"EmailFolderName","value":{"value":"@if(pipeline().parameters.ExtractToParquet,\n    concat('email_', pipeline().parameters.StartDate, '_to_', pipeline().parameters.EndDate, '_parquet'), \n    concat('email_', pipeline().parameters.StartDate, '_to_', pipeline().parameters.EndDate, '_json'))","type":"Expression"}}},{"name":"Set TeamsChat FolderName","type":"SetVariable","dependsOn":[],"policy":{"secureOutput":false,"secureInput":false},"userProperties":[],"typeProperties":{"variableName":"TeamsChatFolderName","value":{"value":"@if(pipeline().parameters.ExtractToParquet,\n    concat('teamschat_', pipeline().parameters.StartDate, '_to_', pipeline().parameters.EndDate, '_parquet'), \n    concat('teamschat_', pipeline().parameters.StartDate, '_to_', pipeline().parameters.EndDate, '_json'))","type":"Expression"}}},{"name":"Set Calendar FileName","type":"SetVariable","dependsOn":[],"policy":{"secureOutput":false,"secureInput":false},"userProperties":[],"typeProperties":{"variableName":"CalendarFolderName","value":{"value":"@if(pipeline().parameters.ExtractToParquet,\n    concat('calendar_', pipeline().parameters.StartDate, '_to_', pipeline().parameters.EndDate, '_parquet'), \n    concat('calendar_', pipeline().parameters.StartDate, '_to_', pipeline().parameters.EndDate, '_json'))","type":"Expression"}}},{"name":"Convert StorageUrl to Abfss Path","type":"SetVariable","dependsOn":[{"activity":"If GetCalendarData is true","dependencyConditions":["Succeeded"]},{"activity":"If GetTeamsChatData is true","dependencyConditions":["Succeeded"]},{"activity":"If GetEmailData is true","dependencyConditions":["Succeeded"]},{"activity":"If GetUserData is true","dependencyConditions":["Succeeded"]}],"policy":{"secureOutput":false,"secureInput":false},"userProperties":[],"typeProperties":{"variableName":"StorageAbfssPath","value":{"value":"@concat(replace(replace(trim(pipeline().parameters.StorageUrl), 'https://', 'abfss://mgdc@'),'dfs.core.windows.net/','dfs.core.windows.net'),'/')\n","type":"Expression"}}},{"name":"Run ONA Visualizer","type":"SynapseNotebook","dependsOn":[{"activity":"Run ONA Notebook","dependencyConditions":["Succeeded"]}],"policy":{"timeout":"0.12:00:00","retry":0,"retryIntervalInSeconds":30,"secureOutput":false,"secureInput":false},"userProperties":[],"typeProperties":{"notebook":{"referenceName":"ONA Visualization","type":"NotebookReference"},"parameters":{"period":{"value":{"value":"@concat(pipeline().parameters.StartDate, ' to ', pipeline().parameters.EndDate)","type":"Expression"},"type":"string"},"inputFormat":{"value":{"value":"@pipeline().parameters.OutputFormat","type":"Expression"},"type":"string"},"usersInputPath":{"value":{"value":"@concat(replace(variables('StorageAbfssPath'),'mgdc@','output@'),'users_', pipeline().parameters.StartDate, '_to_', pipeline().parameters.EndDate, '.csv')","type":"Expression"},"type":"string"},"interactionsInputPath":{"value":{"value":"@concat(replace(variables('StorageAbfssPath'),'mgdc@','output@'),'interactions_', pipeline().parameters.StartDate, '_to_', pipeline().parameters.EndDate, '.csv')","type":"Expression"},"type":"string"},"onaVisualizerOutputPath":{"value":{"value":"@concat(replace(variables('StorageAbfssPath'),'mgdc@','output@'),'onaVisualizer_', pipeline().parameters.StartDate, '_to_', pipeline().parameters.EndDate)","type":"Expression"},"type":"string"}},"snapshot":true,"executorSize":"Small","conf":{},"driverSize":"Small"}}],"policy":{"elapsedTimeMetric":{},"cancelAfter":{}},"parameters":{"StartDate":{"type":"string"},"EndDate":{"type":"string"},"StorageUrl":{"type":"string","defaultValue":"https://<your-storage-account>.dfs.core.windows.net/"},"GetUserData":{"type":"bool","defaultValue":true},"GetEmailData":{"type":"bool","defaultValue":true},"GetCalendarData":{"type":"bool","defaultValue":true},"GetTeamsChatData":{"type":"bool","defaultValue":true},"ExtractToParquet":{"type":"bool","defaultValue":false},"OutputFormat":{"type":"string","defaultValue":"csv"}},"variables":{"CalendarFolderName":{"type":"String"},"EmailFolderName":{"type":"String"},"TeamsChatFolderName":{"type":"String"},"UserFolderName":{"type":"String"},"StorageAbfssPath":{"type":"String"}},"annotations":[],"lastPublishTime":"2023-09-22T23:59:12Z"},"dependsOn":["[concat(variables('workspaceId'), '/notebooks/ONA')]","[concat(variables('workspaceId'), '/notebooks/ONA Visualization')]","[concat(variables('workspaceId'), '/pipelines/M365UserDataCopyPipeline')]","[concat(variables('workspaceId'), '/pipelines/M365EmailDataCopyPipeline')]","[concat(variables('workspaceId'), '/pipelines/M365TeamsChatDataCopyPipeline')]","[concat(variables('workspaceId'), '/pipelines/M365CalendarDataCopyPipeline')]"]},{"name":"[concat(parameters('workspaceName'), '/ONA')]","type":"Microsoft.Synapse/workspaces/notebooks","apiVersion":"2019-06-01-preview","properties":{"nbformat":4,"nbformat_minor":2,"bigDataPool":{"referenceName":"onasynapsepool","type":"BigDataPoolReference"},"sessionProperties":{"driverMemory":"28g","driverCores":4,"executorMemory":"28g","executorCores":4,"numExecutors":2,"runAsWorkspaceSystemIdentity":false,"conf":{"spark.dynamicAllocation.enabled":"false","spark.dynamicAllocation.minExecutors":"2","spark.dynamicAllocation.maxExecutors":"2","spark.autotune.trackingId":"1c30b864-a02d-4658-8151-2d30705876f0"}},"metadata":{"saveOutput":false,"enableDebugMode":false,"kernelspec":{"name":"synapse_pyspark","display_name":"Synapse PySpark"},"language_info":{"name":"python"},"a365ComputeOptions":{"id":"/subscriptions/30a81c99-6121-40ba-99d7-ac674961cd7e/resourceGroups/rg_ona_yashah2/providers/Microsoft.Synapse/workspaces/onasynapsedjtgcd3wlt2vc/bigDataPools/onasynapsepool","name":"onasynapsepool","type":"Spark","endpoint":"https://onasynapsedjtgcd3wlt2vc.dev.azuresynapse.net/livyApi/versions/2019-11-01-preview/sparkPools/onasynapsepool","auth":{"type":"AAD","authResource":"https://dev.azuresynapse.net","authHeader":null},"sparkVersion":"3.1","nodeCount":3,"cores":4,"memory":28,"extraHeader":null},"sessionKeepAliveTimeout":30},"cells":[{"cell_type":"code","metadata":{"jupyter":{"source_hidden":false,"outputs_hidden":false},"nteract":{"transient":{"deleting":false}},"tags":["parameters"]},"source":["# Default parameters that can be freely changed or overriden by pipeline run \r\n","\r\n","# Inputs\r\n","calendarPath = \"abfss://mgdc@onastoredjtgcd3wlt2vc.dfs.core.windows.net/calendar_2023-07-01_to_2023-08-01_json/\"\r\n","emailPath = \"abfss://mgdc@onastoredjtgcd3wlt2vc.dfs.core.windows.net/email_2023-07-01_to_2023-08-01_json/\"\r\n","teamsChatPath = \"abfss://mgdc@onastoredjtgcd3wlt2vc.dfs.core.windows.net/teamschat_2023-07-01_to_2023-08-01_json/\"\r\n","userPath = \"abfss://mgdc@onastoredjtgcd3wlt2vc.dfs.core.windows.net/user_2023-07-01_to_2023-08-01_json/\"\r\n","\r\n","#Output Format: Can be csv or parquet\r\n","outputFormat = \"csv\"\r\n","\r\n","# Output path of user vertices\r\n","usersOutputPath = \"abfss://output@onastoredjtgcd3wlt2vc.dfs.core.windows.net/users_2023-07-01_to_2023-08-01.csv\"\r\n","\r\n","# Output path of user to user edges\r\n","interactionsOutputPath = \"abfss://output@onastoredjtgcd3wlt2vc.dfs.core.windows.net/interactions_2023-07-01_to_2023-08-01.csv\"\r\n","\r\n","# StartDate/EndDate for this run that is denormalized to users and interactions tables\r\n","period = \"2022-06-01_to_2022-06-30\"\r\n","\r\n","# Whether or not to md5 hash the input user emails\r\n","obfuscateEmails = True\r\n","\r\n","# Whether the input MGDC data is parquet (True) or json (False)\r\n","isParquetInput = False\r\n","\r\n","# Leiden max cluster size, the maximum possible size for a detected community\r\n","leidenMaxClusterSize = 1000"],"outputs":[],"execution_count":1},{"cell_type":"code","metadata":{"jupyter":{"source_hidden":false,"outputs_hidden":false},"nteract":{"transient":{"deleting":false}}},"source":["from pyspark.sql.functions import coalesce, col, count, explode, format_number, isnull, lit, md5, rand, size, udf, unix_timestamp\r\n","import pyspark.sql.functions as F\r\n","from pyspark.sql.types import ArrayType, BooleanType, StringType, StructField, StructType\r\n","from pyspark.sql import types as t"],"outputs":[],"execution_count":2},{"cell_type":"code","metadata":{"microsoft":{},"collapsed":false},"source":["# Load data\r\n","areEmailsLoaded = False\r\n","areMeetingsLoaded = False\r\n","areTeamsChatsLoaded = False\r\n","\r\n","try:\r\n","    if isParquetInput == True:\r\n","        emailsRaw = spark.read.parquet(emailPath).select(\"internetMessageId\", \"Sender\", \"ToRecipients\")\r\n","    else:\r\n","        emailsRaw = spark.read.json(emailPath)\r\n","    areEmailsLoaded = True\r\n","except (Exception) as error:\r\n","    print(error)\r\n","    print(\"Emails data not loaded, continuing with empty emails\")\r\n","    emailsSchema = StructType([StructField(\"internetMessageId\",StringType(),True),StructField(\"Sender\",StructType([StructField(\"emailAddress\",StructType([StructField(\"address\",StringType(),True),StructField(\"name\",StringType(),True)]),True)]),True),StructField(\"ToRecipients\",ArrayType(StructType([StructField(\"emailAddress\",StructType([StructField(\"address\",StringType(),True),StructField(\"name\",StringType(),True)]),True)]),True),True)])\r\n","    emailsRaw = spark.createDataFrame(sc.emptyRDD(), emailsSchema)\r\n","try:\r\n","    if isParquetInput == True:\r\n","        meetingsRaw = spark.read.parquet(calendarPath).select(\"iCalUId\", \"organizer\", \"attendees\", \"start\", \"end\", \"isAllDay\", \"isCancelled\")\r\n","    else:\r\n","        meetingsRaw = spark.read.json(calendarPath)\r\n","    areMeetingsLoaded = True\r\n","except (Exception) as error:\r\n","    print(error)\r\n","    print(\"Calendar data not loaded, continuing with empty meetings\")\r\n","    meetingsSchema = StructType([StructField(\"iCalUId\",StringType(),True),StructField(\"organizer\",StructType([StructField(\"emailAddress\",StructType([StructField(\"address\",StringType(),True),StructField(\"name\",StringType(),True)]),True)]),True),StructField(\"attendees\",ArrayType(StructType([StructField(\"emailAddress\",StructType([StructField(\"address\",StringType(),True),StructField(\"name\",StringType(),True)]),True),StructField(\"status\",StructType([StructField(\"response\",StringType(),True),StructField(\"time\",StringType(),True)]),True),StructField(\"type\",StringType(),True)]),True),True),StructField(\"start\",StructType([StructField(\"dateTime\",StringType(),True),StructField(\"timeZone\",StringType(),True)]),True),StructField(\"end\",StructType([StructField(\"dateTime\",StringType(),True),StructField(\"timeZone\",StringType(),True)]),True),StructField(\"isAllDay\",BooleanType(),True),StructField(\"isCancelled\",BooleanType(),True)])\r\n","    meetingsRaw = spark.createDataFrame(sc.emptyRDD(), meetingsSchema)\r\n","try:\r\n","    if isParquetInput == True:\r\n","        teamschatsRaw = spark.read.parquet(teamsChatPath).select(\"internetMessageId\", \"Sender\", \"ToRecipients\")\r\n","    else:\r\n","        teamschatsRaw = spark.read.json(teamsChatPath)\r\n","    areTeamsChatsLoaded = True\r\n","except (Exception) as error:\r\n","    print(error)\r\n","    print(\"TeamsChats data not loaded, continuing with empty teams chats\")\r\n","    teamschatsSchema = StructType([StructField(\"internetMessageId\",StringType(),True),StructField(\"Sender\",StructType([StructField(\"EmailAddress\",StructType([StructField(\"Address\",StringType(),True),StructField(\"Name\",StringType(),True)]),True)]),True),StructField(\"ToRecipients\",ArrayType(StructType([StructField(\"EmailAddress\",StructType([StructField(\"Address\",StringType(),True),StructField(\"Name\",StringType(),True)]),True)]),True),True)])\r\n","    teamschatsRaw = spark.createDataFrame(sc.emptyRDD(), teamschatsSchema)\r\n","\r\n","if (not(areEmailsLoaded) and not(areMeetingsLoaded) and not(areTeamsChatsLoaded)):\r\n","    raise Exception(\"No Emails, Meetings, or TeamsChats data loaded, unable to continue. Check the file paths.\")\r\n","\r\n","try:\r\n","    if isParquetInput == True:\r\n","        usersRaw = spark.read.parquet(userPath)\r\n","    else:\r\n","        usersRaw = spark.read.json(userPath)\r\n","except (Exception) as error:\r\n","    print(error)\r\n","    raise Exception(\"Users data not loaded. Check the file path.\")\r\n",""],"outputs":[],"execution_count":8},{"cell_type":"code","metadata":{"jupyter":{"source_hidden":false,"outputs_hidden":false},"nteract":{"transient":{"deleting":false}}},"source":["# Drop duplicates\r\n","usersDedup = usersRaw.dropDuplicates([\"mail\"]).where(col(\"mail\").isNotNull())\r\n","emailsDedup = emailsRaw.dropDuplicates([\"InternetMessageId\"]).select(\"Sender\", \"ToRecipients\")\r\n","teamschatsDedup = teamschatsRaw.dropDuplicates([\"InternetMessageId\"]).select(\"Sender\", \"ToRecipients\")\r\n","meetingsDedup = meetingsRaw.dropDuplicates([\"iCalUId\"]).select(\"organizer\", \"attendees\", \"start\", \"end\", \"isAllDay\", \"isCancelled\")"],"outputs":[],"execution_count":9},{"cell_type":"code","metadata":{"jupyter":{"source_hidden":false,"outputs_hidden":false},"nteract":{"transient":{"deleting":false}},"collapsed":false},"source":["# Get the user email addresses and filter emails, teamschat, and meetings to only contain edges with those users\r\n","usersEmailAddresses = usersDedup.selectExpr(\"lower(mail) as id\")"],"outputs":[],"execution_count":10},{"cell_type":"code","metadata":{"jupyter":{"source_hidden":false,"outputs_hidden":false},"nteract":{"transient":{"deleting":false}},"collapsed":false},"source":["# Explode row with one sender -> N recipients into N rows\r\n","# Filter to only keep emails with 8 or less recipients\r\n","emails = emailsDedup.where(size(col(\"ToRecipients\")) <= 8) \\\r\n","                    .withColumn(\"weight\", 1.0/size(col(\"ToRecipients\"))) \\\r\n","                    .select(F.lower(col(\"Sender.EmailAddress.Address\")).alias(\"sender\"), col(\"weight\"), explode(col(\"ToRecipients\")).alias(\"exploded\")) \\\r\n","                    .join(usersEmailAddresses, col(\"id\") == col(\"sender\"), \"inner\").drop(\"id\") \\\r\n","                    .join(usersEmailAddresses, col(\"id\") == F.lower(col(\"exploded.EmailAddress.Address\")), \"inner\").drop(\"id\") \\\r\n","                    .withColumnRenamed(\"sender\", \"src\") \\\r\n","                    .withColumn(\"dst\", F.lower(col(\"exploded.EmailAddress.Address\"))) \\\r\n","                    .select(col(\"src\"), col(\"dst\"), col(\"weight\")) \\\r\n","                    .where(col(\"src\") != col(\"dst\"))\r\n","if obfuscateEmails:\r\n","    emails = emails.withColumn(\"srcHash\", md5(col(\"src\"))) \\\r\n","                .withColumn(\"dstHash\", md5(col(\"dst\"))) \\\r\n","                .drop(\"src\", \"dst\").selectExpr(\"srcHash as src\", \"dstHash as dst\", \"weight\")"],"outputs":[]},{"cell_type":"code","metadata":{"jupyter":{"source_hidden":false,"outputs_hidden":false},"nteract":{"transient":{"deleting":false}},"collapsed":false},"source":["# Explode row with one organizer -> N attendees into N rows\r\n","# Filter to only keep meetings at least 2 and at most 9 attendees. (Number of attendees includes the organizer)\r\n","# Filter out cancelled and all day meetings\r\n","# Filter to the meeting instance belonging to the organizer's calendar\r\n","# Weight by meeting length in seconds divided by 400 (6.67 minutes) and divided by the number of recipients\r\n","\r\n","dtFormat = \"yyyy-MM-dd'T'HH:mm:ss.SSSSSSS\"\r\n","meetings = meetingsDedup.where((size(col(\"attendees\")) <= 9) & (size(col(\"attendees\")) >= 2)) \\\r\n","                        .where((col(\"isAllDay\") == False) & (col(\"isCancelled\") == False)) \\\r\n","                        .withColumn(\"meetingDurationInSeconds\", unix_timestamp(col(\"end.dateTime\"), dtFormat).cast(\"long\") - unix_timestamp(col(\"start.dateTime\"), dtFormat).cast(\"long\")) \\\r\n","                        .withColumn(\"weight\", (col(\"meetingDurationInSeconds\")/400.0) / (size(col(\"attendees\")) - 1)) \\\r\n","                        .select(F.lower(col(\"organizer.emailAddress.address\")).alias(\"sender\"), col(\"weight\"), col(\"meetingDurationInSeconds\"), explode(col(\"attendees\")).alias(\"exploded\")) \\\r\n","                        .join(usersEmailAddresses, col(\"id\") == col(\"sender\"), \"inner\").drop(\"id\") \\\r\n","                        .join(usersEmailAddresses, col(\"id\") == F.lower(col(\"exploded.EmailAddress.Address\")), \"inner\").drop(\"id\") \\\r\n","                        .withColumnRenamed(\"sender\", \"src\") \\\r\n","                        .withColumn(\"dst\", F.lower(col(\"exploded.EmailAddress.Address\"))) \\\r\n","                        .select(col(\"src\"), col(\"dst\"), col(\"weight\"), col(\"meetingDurationInSeconds\")) \\\r\n","                        .where(col(\"src\") != col(\"dst\"))\r\n","if obfuscateEmails:\r\n","    meetings = meetings.withColumn(\"srcHash\", md5(col(\"src\"))) \\\r\n","                       .withColumn(\"dstHash\", md5(col(\"dst\"))) \\\r\n","                       .drop(\"src\", \"dst\").selectExpr(\"srcHash as src\", \"dstHash as dst\", \"weight\", \"meetingDurationInSeconds\")"],"outputs":[]},{"cell_type":"code","metadata":{"jupyter":{"source_hidden":false,"outputs_hidden":false},"nteract":{"transient":{"deleting":false}},"collapsed":false},"source":["# Explode row with one sender -> N recipients into N rows\r\n","# Filter to only keep teamschat messages with 8 or less recipients\r\n","teamschats = teamschatsDedup.where(size(col(\"ToRecipients\")) <= 8) \\\r\n","                            .withColumn(\"weight\", 1.0/(8*size(col(\"ToRecipients\")))) \\\r\n","                            .select(F.lower(col(\"Sender.EmailAddress.Address\")).alias(\"sender\"), col(\"weight\"), explode(col(\"ToRecipients\")).alias(\"exploded\")) \\\r\n","                            .join(usersEmailAddresses, col(\"id\") == col(\"sender\"), \"inner\").drop(\"id\") \\\r\n","                            .join(usersEmailAddresses, col(\"id\") == F.lower(col(\"exploded.EmailAddress.Address\")), \"inner\").drop(\"id\") \\\r\n","                            .withColumnRenamed(\"sender\", \"src\") \\\r\n","                            .withColumn(\"dst\", F.lower(col(\"exploded.EmailAddress.Address\"))) \\\r\n","                            .select(col(\"src\"), col(\"dst\"), col(\"weight\")) \\\r\n","                            .where(col(\"src\") != col(\"dst\"))\r\n","if obfuscateEmails:\r\n","    teamschats = teamschats.withColumn(\"srcHash\", md5(col(\"src\"))) \\\r\n","                           .withColumn(\"dstHash\", md5(col(\"dst\"))) \\\r\n","                           .drop(\"src\", \"dst\").selectExpr(\"srcHash as src\", \"dstHash as dst\", \"weight\")"],"outputs":[]},{"cell_type":"code","metadata":{"jupyter":{"source_hidden":false,"outputs_hidden":false},"nteract":{"transient":{"deleting":false}},"collapsed":false},"source":["# Join after counting and summing weights from emails, teams chats, and meetings\r\n","emailEdges = emails.groupBy(\"src\", \"dst\").agg(F.count(col(\"dst\")).alias(\"InteractionsEmail\"), F.sum(col(\"weight\")).alias(\"EmailWeight\")) \\\r\n","                    .withColumnRenamed(\"src\", \"src1\").withColumnRenamed(\"dst\", \"dst1\")\r\n","\r\n","meetingEdges = meetings.groupBy(\"src\", \"dst\").agg(F.count(col(\"dst\")).alias(\"InteractionsMeetings\"), F.sum(col(\"weight\")).alias(\"MeetingsWeight\")) \\\r\n","                           .withColumnRenamed(\"src\", \"src2\").withColumnRenamed(\"dst\", \"dst2\")\r\n","\r\n","teamsChatEdges = teamschats.groupBy(\"src\", \"dst\").agg(F.count(col(\"dst\")).alias(\"InteractionsTeamsChat\"), F.sum(col(\"weight\")).alias(\"TeamsChatWeight\")) \\\r\n","                           .withColumnRenamed(\"src\", \"src3\").withColumnRenamed(\"dst\", \"dst3\")\r\n","\r\n","allEdges = emailEdges.alias(\"e\").join(meetingEdges.alias(\"m\"), (col(\"src1\") == col(\"src2\")) & (col(\"dst1\") == col(\"dst2\")), \"full\") \\\r\n","                                .join(teamsChatEdges.alias(\"t\"), (col(\"src1\") == col(\"src3\")) & (col(\"dst1\") == col(\"dst3\")), \"full\")\r\n","                              "],"outputs":[]},{"cell_type":"code","metadata":{"jupyter":{"source_hidden":false,"outputs_hidden":false},"nteract":{"transient":{"deleting":false}},"collapsed":false},"source":["# Coalesce together src/dst duplicate columns after join\r\n","teamsChatToEmailRatio = 8 # interaction ratio for teamschat to email\r\n","edgesCombined = allEdges.select(\r\n","    coalesce( *[col(c) for c in [\"src1\", \"src2\", \"src3\"]]).alias(\"Source\"),\r\n","    coalesce( *[col(c) for c in [\"dst1\", \"dst2\", \"dst3\"]]).alias(\"Target\"),\r\n","    col(\"InteractionsEmail\"),\r\n","    col(\"InteractionsMeetings\"),\r\n","    col(\"InteractionsTeamsChat\"),\r\n","    col(\"EmailWeight\"),\r\n","    col(\"MeetingsWeight\"),\r\n","    col(\"TeamsChatWeight\")\r\n","    ).fillna(0) \\\r\n","    .withColumn(\"Interactions\", (col(\"InteractionsEmail\") + col(\"InteractionsMeetings\") + F.round(col(\"InteractionsTeamsChat\")/teamsChatToEmailRatio)).cast('int')) \\\r\n","    .withColumn(\"InteractionsWeight\", (col(\"EmailWeight\") + col(\"MeetingsWeight\") + col(\"TeamsChatWeight\")/teamsChatToEmailRatio)) \\\r\n","    .withColumn(\"Period\", lit(period))\r\n","\r\n","interactionsOutputPath = interactionsOutputPath.replace(\".csv\",\"\")\r\n","\r\n","if outputFormat == \"csv\":\r\n","    edgesCombined.coalesce(1).write.option(\"header\", True).mode(\"overwrite\").csv(interactionsOutputPath)\r\n","    \r\n","    Path = sc._gateway.jvm.org.apache.hadoop.fs.Path\r\n","    # get the part file generated by spark write\r\n","    fs = Path(interactionsOutputPath).getFileSystem(sc._jsc.hadoopConfiguration())\r\n","    part_file = fs.globStatus(Path(interactionsOutputPath + \"/part*\"))[0].getPath()\r\n","    # set final target path\r\n","    target_path_interactions = interactionsOutputPath + \".\" + outputFormat\r\n","    # move and rename the file\r\n","    fs.delete(Path(target_path_interactions), True)\r\n","    fs.rename(part_file, Path(target_path_interactions))\r\n","    fs.delete(Path(interactionsOutputPath), True)\r\n","elif outputFormat == \"parquet\":\r\n","    edgesCombined.write.option(\"header\", True).mode(\"overwrite\").parquet(interactionsOutputPath)\r\n","else:\r\n","    raise Exception (\"outputFormat should be csv or parquet\")"],"outputs":[]},{"cell_type":"code","metadata":{"jupyter":{"source_hidden":false,"outputs_hidden":false},"nteract":{"transient":{"deleting":false}},"collapsed":false},"source":["eventsOrganized = meetings.groupBy(\"src\").count().withColumnRenamed(\"count\", \"NumberOfEventsOrganized\")\r\n","eventsAttended = meetings.groupBy(\"dst\").count().withColumnRenamed(\"count\", \"NumberOfEventsAttended\")\r\n","emailsSent = emails.groupBy(\"src\").count().withColumnRenamed(\"count\", \"NumberOfEmailsSent\")\r\n","emailsReceived = emails.groupBy(\"dst\").count().withColumnRenamed(\"count\", \"NumberOfEmailsReceived\")\r\n","teamsChatsSent = teamschats.groupBy(\"src\").count().withColumnRenamed(\"count\", \"NumberOfChatsSent\")\r\n","teamsChatsReceived = teamschats.groupBy(\"dst\").count().withColumnRenamed(\"count\", \"NumberOfChatsReceived\")"],"outputs":[]},{"cell_type":"code","metadata":{"jupyter":{"source_hidden":false,"outputs_hidden":false},"nteract":{"transient":{"deleting":false}},"collapsed":false},"source":["# Select user properties for output and join all raw email/teamschat/meeting counts\r\n","if obfuscateEmails:\r\n","    usersDedup = usersDedup.withColumn(\"EmailAddress\",  md5(F.lower(col(\"mail\"))))\r\n","else:\r\n","    usersDedup = usersDedup.withColumn(\"EmailAddress\", F.lower(col(\"mail\")))\r\n","usersRenamed = usersDedup.selectExpr(\"EmailAddress\", \"department as Department\", \"jobTitle as Title\", \"state as StateOrProvince\",\r\n","                                     \"country as Country\",\"preferredLanguage as Languages\")\r\n","usersJoined = usersRenamed.join(eventsOrganized, col(\"src\") == col(\"EmailAddress\"), \"left\").drop(\"src\") \\\r\n","                          .join(eventsAttended, col(\"dst\") == col(\"EmailAddress\"), \"left\").drop(\"dst\") \\\r\n","                          .join(emailsSent, col(\"src\") == col(\"EmailAddress\"), \"left\").drop(\"src\") \\\r\n","                          .join(emailsReceived, col(\"dst\") == col(\"EmailAddress\"), \"left\").drop(\"dst\") \\\r\n","                          .join(teamsChatsSent, col(\"src\") == col(\"EmailAddress\"), \"left\").drop(\"src\") \\\r\n","                          .join(teamsChatsReceived, col(\"dst\") == col(\"EmailAddress\"), \"left\").drop(\"dst\") \\\r\n","                          .fillna(0)\r\n","numUsers = usersJoined.count()"],"outputs":[]},{"cell_type":"code","metadata":{"jupyter":{"source_hidden":false,"outputs_hidden":false},"nteract":{"transient":{"deleting":false}}},"source":["# Calculate out-degrees and in-degrees based on number of connections\r\n","outDegreeEdges = edgesCombined.where(col(\"Interactions\") > 0).groupBy(\"Source\").count().select(col(\"Source\"), col(\"count\").alias(\"Out-DegreeIndex\"))\r\n","inDegreeEdges = edgesCombined.where(col(\"Interactions\") > 0).groupBy(\"Target\").count().select(col(\"Target\"), col(\"count\").alias(\"In-DegreeIndex\"))"],"outputs":[]},{"cell_type":"code","metadata":{"jupyter":{"source_hidden":false,"outputs_hidden":false},"nteract":{"transient":{"deleting":false}}},"source":["# Construct networkx graph object\r\n","import networkx as nx\r\n","edges = edgesCombined.selectExpr(\"Source as src\", \"Target as dst\", \"InteractionsWeight as wgt\") \\\r\n","                     .where((col(\"InteractionsWeight\") >= 0.25) & (col(\"InteractionsWeight\") <= 2000))\r\n","edgesList = [(e.src, e.dst, e.wgt) for e in edges.collect()]\r\n","graph = nx.DiGraph()\r\n","graph.add_weighted_edges_from(edgesList)"],"outputs":[]},{"cell_type":"code","metadata":{"jupyter":{"source_hidden":false,"outputs_hidden":false},"nteract":{"transient":{"deleting":false}}},"source":["# Calculate Influence Index based on page rank\r\n","graphPageRank = nx.pagerank(graph, alpha=0.85, personalization=None, max_iter=100, tol=0.001)"],"outputs":[]},{"cell_type":"code","metadata":{"jupyter":{"source_hidden":false,"outputs_hidden":false},"nteract":{"transient":{"deleting":false}}},"source":["# Define udf for adding page rank to dataframe\r\n","maxPageRank = max(graphPageRank.values())\r\n","def getPageRank(x):\r\n","    pageRank = graphPageRank.get(x)\r\n","    if pageRank is None:\r\n","        return 0\r\n","    return  pageRank / maxPageRank\r\n","influenceIndexUdf = udf(getPageRank, t.FloatType())"],"outputs":[]},{"cell_type":"code","metadata":{"jupyter":{"source_hidden":false,"outputs_hidden":false},"nteract":{"transient":{"deleting":false}}},"source":["# Calculate Community Bridging Index based on Leiden community detection\r\n","import graspologic\r\n","from graspologic.partition import leiden\r\n","\r\n","# Constructs undirected graph using bidrectional edges only, see networkx DiGraph.to_undirected doc\r\n","undirectedGraph = graph.to_undirected()\r\n","\r\n","leidenResult = graspologic.partition.hierarchical_leiden(undirectedGraph, max_cluster_size=leidenMaxClusterSize)\r\n","leidenClusters = leidenResult.final_level_hierarchical_clustering()"],"outputs":[]},{"cell_type":"code","metadata":{"jupyter":{"source_hidden":false,"outputs_hidden":false},"nteract":{"transient":{"deleting":false}}},"source":["# Construct udf for mapping users to community label\r\n","def getLabel(x):\r\n","    return leidenClusters.get(x)\r\n","\r\n","labelUdf = udf(getLabel, t.StringType())"],"outputs":[]},{"cell_type":"code","metadata":{"jupyter":{"source_hidden":false,"outputs_hidden":false},"nteract":{"transient":{"deleting":false}}},"source":["# Counts how many communities C a user is connected to with an out edge, normalized by num of communities\r\n","# For all users, compute C / (num of Communities)\r\n","# 1 = they are connected to all communities\r\n","# 0 = they have no connections\r\n","\r\n","# enrich edges by mapping target dst node to community\r\n","edgesLabelled = edges.withColumn(\"Community\", labelUdf(col(\"dst\"))).drop(\"dst\").distinct()\r\n","\r\n","# group on src and count how many distinct community labelled targets each src has\r\n","numCommunities = len(set(leidenClusters.values()))\r\n","communityBridging = edgesLabelled.groupBy(\"src\").count() \\\r\n","                                 .withColumn(\"CommunityBridgeIndex\", col(\"count\") / float(numCommunities)).drop(\"count\")"],"outputs":[]},{"cell_type":"code","metadata":{"jupyter":{"source_hidden":false,"outputs_hidden":false},"nteract":{"transient":{"deleting":false}}},"source":["# Create interaction matrix from users to communities\r\n","# Map edges from user to dstCommunity\r\n","userToCommunityEdges = edges.withColumn(\"dstCommunity\", labelUdf(col(\"dst\"))).drop(\"dst\").toPandas()\r\n","# Group all edges from same user to same dstCommunity\r\n","userToCommunityEdges = edges.withColumn(\"dstCommunity\", labelUdf(col(\"dst\"))).drop(\"dst\")\r\n","userToCommunityEdges = userToCommunityEdges.groupby(\"src\", \"dstCommunity\").agg(F.sum(\"wgt\").alias(\"weight\")).toPandas()\r\n","interactionMatrix = userToCommunityEdges.pivot(index=\"src\", columns=\"dstCommunity\", values=\"weight\").fillna(0)"],"outputs":[]},{"cell_type":"code","metadata":{"jupyter":{"source_hidden":false,"outputs_hidden":false},"nteract":{"transient":{"deleting":false}}},"source":["# One-hot encode categorical features\r\n","import pandas as pd\r\n","categoricalFeatures = pd.get_dummies(usersJoined.selectExpr(\"EmailAddress as id\", \"Country\", \"Department\", \"Title\").toPandas(), columns=[\"Country\", \"Department\", \"Title\"], prefix=\"\", prefix_sep=\"\")"],"outputs":[]},{"cell_type":"code","metadata":{"jupyter":{"source_hidden":false,"outputs_hidden":false},"nteract":{"transient":{"deleting":false}}},"source":["# Join categorical features with interactions\r\n","featureMatrix = pd.merge(categoricalFeatures, interactionMatrix, how='left', left_on=\"id\", right_on=\"src\").fillna(0)"],"outputs":[]},{"cell_type":"code","metadata":{"jupyter":{"source_hidden":false,"outputs_hidden":false},"nteract":{"transient":{"deleting":false}}},"source":["# Use TSNE to compute coordinates\r\n","from sklearn.manifold import TSNE\r\n","scaleFactor = 100\r\n","tsne = TSNE(n_components = 2)\r\n","tsneResult = tsne.fit_transform(featureMatrix.drop(columns=\"id\")) * scaleFactor"],"outputs":[]},{"cell_type":"code","metadata":{"jupyter":{"source_hidden":false,"outputs_hidden":false},"nteract":{"transient":{"deleting":false}}},"source":["# Create coordinates dataframe with user id as key\r\n","featureMatrix[\"x\"] = tsneResult[:, 0]\r\n","featureMatrix[\"y\"] = tsneResult[:, 1]\r\n","coordinates = spark.createDataFrame(featureMatrix[[\"id\", \"x\", \"y\"]])"],"outputs":[]},{"cell_type":"code","metadata":{"jupyter":{"source_hidden":false,"outputs_hidden":false},"nteract":{"transient":{"deleting":false}},"collapsed":false},"source":["# Join all indexes to users and output\r\n","usersEnriched = usersJoined.join(outDegreeEdges, col(\"Source\") == col(\"EmailAddress\"), \"left\").drop(\"Source\") \\\r\n","                           .join(inDegreeEdges, col(\"Target\") == col(\"EmailAddress\"), \"left\").drop(\"Target\") \\\r\n","                           .fillna(0) \\\r\n","                           .withColumn(\"DegreeIndex\", (col(\"In-DegreeIndex\") + col(\"Out-DegreeIndex\")) / (2 * numUsers)) \\\r\n","                           .withColumn(\"Community\", labelUdf(col(\"EmailAddress\"))) \\\r\n","                           .join(communityBridging, col(\"src\") == col(\"EmailAddress\"), \"left\").drop(\"src\") \\\r\n","                           .withColumn(\"InfluenceIndex\", influenceIndexUdf(col(\"EmailAddress\"))) \\\r\n","                           .fillna(0) \\\r\n","                           .withColumn(\"Period\", lit(period)) \\\r\n","                           .join(coordinates, col(\"id\") == col(\"EmailAddress\")).drop(\"id\")\r\n","\r\n","usersOutputPath = usersOutputPath.replace(\".csv\",\"\")\r\n","\r\n","if outputFormat == \"csv\":\r\n","    usersEnriched.coalesce(1).write.option(\"header\", True).mode(\"overwrite\").csv(usersOutputPath)\r\n","    \r\n","    Path = sc._gateway.jvm.org.apache.hadoop.fs.Path\r\n","    # get the part file generated by spark write\r\n","    fs = Path(usersOutputPath).getFileSystem(sc._jsc.hadoopConfiguration())\r\n","    part_file = fs.globStatus(Path(usersOutputPath + \"/part*\"))[0].getPath()\r\n","    #set final target path\r\n","    target_path_users = usersOutputPath + \".\" + outputFormat\r\n","    # move and rename the file\r\n","    fs.delete(Path(target_path_users), True)\r\n","    fs.rename(part_file, Path(target_path_users))\r\n","    fs.delete(Path(usersOutputPath), True)\r\n","elif outputFormat == \"parquet\":\r\n","    usersEnriched.write.option(\"header\", True).mode(\"overwrite\").parquet(usersOutputPath)\r\n","else:\r\n","    raise Exception (\"outputFormat should be csv or parquet\")"],"outputs":[]}]},"dependsOn":[]},{"name":"[concat(parameters('workspaceName'), '/ONA Visualization')]","type":"Microsoft.Synapse/workspaces/notebooks","apiVersion":"2019-06-01-preview","properties":{"nbformat":4,"nbformat_minor":2,"bigDataPool":{"referenceName":"onasynapsepool","type":"BigDataPoolReference"},"sessionProperties":{"driverMemory":"28g","driverCores":4,"executorMemory":"28g","executorCores":4,"numExecutors":2,"runAsWorkspaceSystemIdentity":false,"conf":{"spark.dynamicAllocation.enabled":"false","spark.dynamicAllocation.minExecutors":"2","spark.dynamicAllocation.maxExecutors":"2","spark.autotune.trackingId":"3ba89cd2-939f-44d6-b74b-5284b95334d8"}},"metadata":{"saveOutput":true,"enableDebugMode":false,"kernelspec":{"name":"synapse_pyspark","display_name":"Synapse PySpark"},"language_info":{"name":"python"},"a365ComputeOptions":{"id":"/subscriptions/30a81c99-6121-40ba-99d7-ac674961cd7e/resourceGroups/rg-xitao-deployment-test/providers/Microsoft.Synapse/workspaces/onasynapseeq7olxl7qqjfw/bigDataPools/onasynapsepool","name":"onasynapsepool","type":"Spark","endpoint":"https://onasynapseeq7olxl7qqjfw.dev.azuresynapse.net/livyApi/versions/2019-11-01-preview/sparkPools/onasynapsepool","auth":{"type":"AAD","authResource":"https://dev.azuresynapse.net","authHeader":null},"sparkVersion":"3.1","nodeCount":3,"cores":4,"memory":28,"extraHeader":null},"sessionKeepAliveTimeout":30},"cells":[{"cell_type":"code","metadata":{"jupyter":{"source_hidden":false,"outputs_hidden":false},"nteract":{"transient":{"deleting":false}},"tags":["parameters"]},"source":["#Output Format: Can be csv or parquet\r\n","inputFormat = \"csv\"\r\n","\r\n","# Input path of user vertices\r\n","usersInputPath = \"abfss://output@onastoreeq7olxl7qqjfw.dfs.core.windows.net/users_2023-04-01_to_2023-04-30.csv\"\r\n","\r\n","# Input path of user to user edges\r\n","interactionsInputPath = \"abfss://output@onastoreeq7olxl7qqjfw.dfs.core.windows.net/interactions_2023-04-01_to_2023-04-30.csv\"\r\n","\r\n","# Output path for HTML Visualizer\r\n","onaVisualizerOutputPath = \"abfss://output@onastoreeq7olxl7qqjfw.dfs.core.windows.net/onaVisualizer_2023-04-01_to_2023-04-30\""],"outputs":[]},{"cell_type":"code","metadata":{"microsoft":{},"collapsed":false},"source":["# Load data\r\n","# Read the user data into a DataFrame based on the input format\r\n","try:\r\n","    if inputFormat == \"csv\":\r\n","        usersDF = spark.read.csv(usersInputPath, header=True, inferSchema=True)\r\n","    elif inputFormat == \"parquet\":\r\n","        df = spark.read.parquet(usersInputPath)\r\n","    else:\r\n","        raise ValueError(f\"Unsupported input format: {inputFormat}\")\r\n","except (Exception) as error:\r\n","    print(error)\r\n","    raise Exception(\"Users data not loaded\")\r\n","\r\n","# Read the interactions data into a DataFrame based on the input format\r\n","try:\r\n","    if inputFormat == \"csv\":\r\n","        graphDF = spark.read.csv(interactionsInputPath, header=True, inferSchema=True)\r\n","    elif inputFormat == \"parquet\":\r\n","        graphDF = spark.read.parquet(interactionsInputPath)\r\n","    else:\r\n","        raise ValueError(f\"Unsupported input format: {inputFormat}\")\r\n","except (Exception) as error:\r\n","    print(error)\r\n","    raise Exception(\"Interactions data not loaded\")"],"outputs":[]},{"cell_type":"code","metadata":{"jupyter":{"source_hidden":false,"outputs_hidden":false},"nteract":{"transient":{"deleting":false}}},"source":["from pyspark.sql.functions import col, when\r\n","import json"],"outputs":[]},{"cell_type":"code","metadata":{"jupyter":{"source_hidden":false,"outputs_hidden":false},"nteract":{"transient":{"deleting":false}}},"source":["graphDF = graphDF.select(col(\"Source\"), col(\"Target\"), col(\"Interactions\"))\r\n","\r\n","usersDF = usersDF.select(col(\"EmailAddress\"), col(\"Country\"), col(\"Department\"), col(\"Title\"), col(\"x\"), col(\"y\"))\r\n","usersDF = usersDF.withColumn(\"Country\", when(col(\"Country\").isNull(), \"Unknown\").otherwise(col(\"Country\")))\r\n","usersDF = usersDF.withColumn(\"Department\", when(col(\"Department\").isNull(), \"Unknown\").otherwise(col(\"Department\")))\r\n","usersDF = usersDF.withColumn(\"Title\", when(col(\"Title\").isNull(), \"Unknown\").otherwise(col(\"Title\")))\r\n","\r\n","users_json_data = json.dumps(usersDF.toJSON().collect())\r\n","graph_json_data = json.dumps(graphDF.toJSON().collect())"],"outputs":[]},{"cell_type":"code","metadata":{"jupyter":{"source_hidden":false,"outputs_hidden":false},"nteract":{"transient":{"deleting":false}}},"source":["html_template = f\"\"\"<!DOCTYPE html>\r\n","<html lang=\"en\">\r\n","<head>\r\n","    <meta charset=\"UTF-8\">\r\n","    <meta name=\"viewport\" content=\"width=device-width, initial-scale=1.0\">\r\n","    <title>Network Graph</title>\r\n","    <script src=\"https://unpkg.com/vis-network@9.1.1/dist/vis-network.min.js\"></script>\r\n","    <script type=\"text/javascript\" src=\"https://code.jquery.com/jquery-3.6.0.min.js\"></script>\r\n","    <script type=\"text/javascript\" src=\"https://cdnjs.cloudflare.com/ajax/libs/select2/4.0.13/js/select2.min.js\"></script>\r\n","    <link rel=\"stylesheet\" type=\"text/css\" href=\"https://cdnjs.cloudflare.com/ajax/libs/select2/4.0.13/css/select2.min.css\">\r\n","    <style>\r\n","        .container {{\r\n","            display: flex;\r\n","            justify-content: space-between;\r\n","            width: 100%;\r\n","        }}\r\n","        .left-col {{\r\n","\t\t\tflex: 1.25;\r\n","\t\t\tmargin: 0 10px;\r\n","\t\t}}\r\n","\t\t.center-col {{\r\n","\t\t\tflex: 7.75;\r\n","\t\t\tmargin: 0 10px;\r\n","\t\t}}\r\n","\t\t.right-col {{\r\n","\t\t\tflex: 1;\r\n","\t\t\tmargin: 0 10px;\r\n","\t\t}}\r\n","        .menubutton-container {{\r\n","            display: flex;\r\n","            justify-content: left;\r\n","        }}\r\n","        body {{\r\n","            font-family: \"Segoe UI\";\r\n","        }}\r\n","        button {{\r\n","            background-color: #0078D7;\r\n","            color: white;\r\n","            border: none;\r\n","            padding: 10px 20px;\r\n","            border-radius: 5px;\r\n","            margin: 5px;\r\n","            font-size: 14px;\r\n","            cursor: pointer;\r\n","            box-shadow: 0px 2px 5px rgba(0, 0, 0, 0.25);\r\n","        }}\r\n","        table {{\r\n","            border-collapse: collapse;\r\n","            width: 100%;\r\n","        }}\r\n","        th, td {{\r\n","            border: 1px solid black;\r\n","            padding: 8px;\r\n","            text-align: left;\r\n","        }}\r\n","        th {{\r\n","            background-color: #f2f2f2;\r\n","        }}\r\n","        #network {{\r\n","            width: 100%;\r\n","            height: 800px;\r\n","            border: 1px solid lightgray;\r\n","        }}\r\n","    </style>\r\n","</head>\r\n","<body>\r\n","    <div class=\"container\">\r\n","        <div class=\"left-col\">\r\n","            <div>\r\n","\t\t\t\t<select id=\"nodeSelect\" style=\"width: 100%;\">\r\n","\t\t\t\t\t<option value=\"\">Search for nodes...</option>\r\n","\t\t\t\t</select>\r\n","                <div class=\"menubutton-container\">\r\n","\t\t\t\t    <button onclick=\"displayNodeGraph()\">Filter</button>\r\n","\t\t\t\t    <button onclick=\"clearFilter()\">Clear Filter</button>\r\n","                </div>\r\n","\t\t\t</div>\r\n","\t\t\t<div>\r\n","\t\t\t\t<div id=\"nodeInfo\"></div>\r\n","\t\t\t</div>\r\n","        </div>\r\n","        <div class=\"center-col\">\r\n","            <div id=\"network\"></div>\r\n","            <div>\r\n","                <button onclick=\"groupBy('Country')\">Group by Country</button>\r\n","                <button onclick=\"groupBy('Department')\">Group by Department</button>\r\n","                <button onclick=\"groupBy('Title')\">Group by Job Title</button>\r\n","            </div>\r\n","        </div>\r\n","        <div class=\"right-col\">\r\n","            <div id=\"legend\"></div>\r\n","        </div>\r\n","    </div>\r\n","    <script>\r\n","        const graph_json_data_raw = {graph_json_data};\r\n","        const users_json_data_raw = {users_json_data};\r\n","        const graph_json_data = graph_json_data_raw.map(JSON.parse);\r\n","        const users_json_data = users_json_data_raw.map(JSON.parse);\r\n","\r\n"," \t\t// Create nodes and edges arrays\r\n","        var nodes = [];\r\n","        const edges = [];\r\n","\t\t\r\n","\t\t// Function to get or generate a group color\r\n","        const groupColors = new Map();\r\n","\t\t\r\n","\t\tlet network;\r\n","\t\tlet nodesDataset;\r\n","\t\tlet edgesDataset;\r\n","       \r\n","        // Function to get the user data by node id\r\n","        function getUserData(nodeId) {{\r\n","            return users_json_data.find((user) => user.EmailAddress === nodeId);\r\n","        }}\r\n","\r\n","        // Function to generate random color\r\n","        function getRandomColor() {{\r\n","            const letters = '0123456789ABCDEF';\r\n","            let color = '#';\r\n","            for (let i = 0; i < 6; i++) {{\r\n","                color += letters[Math.floor(Math.random() * 16)];\r\n","            }}\r\n","            return color;\r\n","        }}\r\n","\r\n","        // Function to get or generate a group color\r\n","        function getGroupColor(groupName) {{\r\n","            if (!groupColors.has(groupName)) {{\r\n","                groupColors.set(groupName, getRandomColor());\r\n","            }}\r\n","            return groupColors.get(groupName);\r\n","        }}\r\n","        \r\n","        // Function to update the legend\r\n","        function updateLegend(groupType) {{\r\n","            const legendDiv = document.getElementById(\"legend\");\r\n","            legendDiv.innerHTML = \"\";\r\n","\r\n","            const groupSet = new Set(nodes.map((node) => getUserData(node.id)[groupType]));\r\n","\r\n","            groupSet.forEach((groupName) => {{\r\n","                const legendItem = document.createElement(\"div\");\r\n","                legendItem.style.display = \"flex\";\r\n","                legendItem.style.alignItems = \"center\";\r\n","                legendItem.style.marginBottom = \"4px\";\r\n","\r\n","                const colorBox = document.createElement(\"div\");\r\n","                colorBox.style.width = \"16px\";\r\n","                colorBox.style.height = \"16px\";\r\n","                colorBox.style.backgroundColor = getGroupColor(groupName);\r\n","                colorBox.style.marginRight = \"8px\";\r\n","\r\n","                const groupNameText = document.createTextNode(groupName);\r\n","\r\n","                legendItem.appendChild(colorBox);\r\n","                legendItem.appendChild(groupNameText);\r\n","                legendDiv.appendChild(legendItem);\r\n","            }});\r\n","        }}\r\n","\r\n","        //display node Information\r\n","        function displayNodeInfo(nodeId) {{\r\n","\t\t\tconst nodeData = users_json_data.find((data) => data.EmailAddress === nodeId);\r\n","\r\n","\t\t\tif (!nodeData) {{\r\n","\t\t\t\treturn;\r\n","\t\t\t}}\r\n","\r\n","\t\t\tconst nodeInfoDiv = document.getElementById(\"nodeInfo\");\r\n","\t\t\tconst connectedEdges = edges.filter(\r\n","\t\t\t\t(edge) => edge.from === nodeId || edge.to === nodeId\r\n","\t\t\t);\r\n","\r\n","\t\t\tvar connectedNodesData = connectedEdges.reduce((acc, edge) => {{\r\n","\t\t\t\tconst connectedNodeId = edge.from === nodeId ? edge.to : edge.from;\r\n","\t\t\t\tconst connectedNode = nodes.find((node) => node.id === connectedNodeId);\r\n","\t\t\t\tconst existingData = acc.find((data) => data.nodeId === connectedNode.id);\r\n","\r\n","\t\t\t\tif (existingData) {{\r\n","\t\t\t\t\tif (edge.from === nodeId) {{\r\n","\t\t\t\t\t\texistingData.messagesSent += parseInt(edge.label);\r\n","\t\t\t\t\t}} else {{\r\n","\t\t\t\t\t\texistingData.messagesReceived += parseInt(edge.label);\r\n","\t\t\t\t\t}}\r\n","\t\t\t\t}} else {{\r\n","\t\t\t\t\tacc.push({{\r\n","\t\t\t\t\t\tnodeId: connectedNode.id,\r\n","\t\t\t\t\t\tnodeLabel: connectedNode.label,\r\n","\t\t\t\t\t\tmessagesSent: edge.from === nodeId ? parseInt(edge.label) : 0,\r\n","\t\t\t\t\t\tmessagesReceived: edge.to === nodeId ? parseInt(edge.label) : 0,\r\n","\t\t\t\t\t}});\r\n","\t\t\t\t}}\r\n","\r\n","\t\t\t\treturn acc;\r\n","\t\t\t}}, []);\r\n","\r\n","            connectedNodesData = connectedNodesData.filter((entry) => (entry.messagesReceived + entry.messagesSent) > 0)\r\n","            connectedNodesData = connectedNodesData.sort((a,b) => (b.messagesReceived + b.messagesSent) - (a.messagesReceived + a.messagesSent))\r\n","\r\n","\t\t\tconst connectedNodesTable = connectedNodesData.map((entry) => `<tr><td>${{entry.nodeLabel}}</td><td>${{entry.messagesReceived + entry.messagesSent}}</td></tr>`).join(\"\");\r\n","\r\n","\t\t\tnodeInfoDiv.innerHTML = `<h3>User Information</h3><p>Id: ${{nodeId}}</p><p>Department: ${{nodeData.Department || \"Unknown\"}}</p><p>Country: ${{nodeData.Country || \"Unknown\"}}</p><p>JobTitle: ${{nodeData.Title || \"Unknown\"}}</p><h3>Connected Users</h3><table><thead><tr><th>Connected User</th><th>Interactions Count</th></tr></thead><tbody>${{connectedNodesTable}}</tbody></table>`;\r\n","\t\t}}\r\n","\r\n","        // Initialize Select2 and populate it with nodes\r\n","        function initializeSelect2() {{\r\n","            const nodeSelect = document.getElementById(\"nodeSelect\");\r\n","            nodes.forEach((node) => {{\r\n","                const option = document.createElement(\"option\");\r\n","                option.value = node.id;\r\n","                option.textContent = node.label;\r\n","                nodeSelect.appendChild(option);\r\n","            }});\r\n","            $(\"#nodeSelect\").select2({{\r\n","\t\t\t\tplaceholder: \"Select a node\",\r\n","\t\t\t\tallowClear: true,\r\n","\t\t\t\twidth: \"100%\",\r\n","\t\t\t}});\r\n","        }}\r\n","\r\n","        // Function to get connected node ids\r\n","        function getConnectedNodeIds(nodeId) {{\r\n","            const connectedNodeIds = [];\r\n","            edges.forEach((edge) => {{\r\n","                if (edge.from === nodeId) {{\r\n","                    edge.hidden = false\r\n","                    connectedNodeIds.push(edge.to);\r\n","                }} else if (edge.to === nodeId) {{\r\n","                    edge.hidden = false\r\n","                    connectedNodeIds.push(edge.from);\r\n","                }}\r\n","            }});\r\n","            edgesDataset.update(edges)\r\n","            return connectedNodeIds;\r\n","        }}\r\n","\r\n","        // Function to display the graph with respect to the selected node\r\n","        function displayNodeGraph() {{\r\n","            const nodeSelect = document.getElementById(\"nodeSelect\");\r\n","            const nodeId = nodeSelect.value;\r\n","            if (!nodeId) {{\r\n","                return;\r\n","            }}\r\n","            const connectedNodeIds = getConnectedNodeIds(nodeId);\r\n","            connectedNodeIds.push(nodeId);\r\n","\r\n","            nodes.forEach((node) => {{\r\n","                if (connectedNodeIds.includes(node.id)) {{\r\n","                    node.hidden = false;\r\n","                }} else {{\r\n","                    node.hidden = true;\r\n","                }}\r\n","            }});\r\n","\r\n","            nodesDataset.update(nodes);\r\n","            displayNodeInfo(nodeId);\r\n","        }}\r\n","\r\n","        // Function to clear the filter and display the original graph\r\n","        function clearFilter() {{\r\n","            nodes.forEach((node) => {{\r\n","                node.hidden = false;\r\n","            }});\r\n","            nodesDataset.update(nodes);\r\n","\r\n","            edges.forEach((edge) => {{\r\n","                edge.hidden = true;\r\n","            }});\r\n","            edgesDataset.update(edges);\r\n","\r\n","            const nodeSelect = document.getElementById(\"nodeSelect\");\r\n","            nodeSelect.value = \"\";\r\n","            $(\"#nodeSelect\").trigger(\"change\"); // Update Select2\r\n","\r\n","            const nodeInfoDiv = document.getElementById(\"nodeInfo\");\r\n","            nodeInfoDiv.innerHTML = \"\";\r\n","        }}\r\n","\r\n","        // Function to update node grouping\r\n","        function groupBy(groupType) {{\r\n","            nodes.forEach((node) => {{\r\n","                const userData = getUserData(node.id);\r\n","                node.group = userData[groupType];\r\n","                node.color = getGroupColor(userData[groupType]);\r\n","            }});\r\n","            nodesDataset.update(nodes);\r\n","            updateLegend(groupType);\r\n","        }}\r\n","\r\n","        function createNetworkGraph() {{\r\n","            \r\n","            // Fill nodes and edges arrays from the dataset\r\n","            graph_json_data.forEach((entry) => {{\r\n","                if (!nodes.some((node) => node.id === entry.Source)) {{\r\n","                    const userData = getUserData(entry.Source);\r\n","                    nodes.push({{\r\n","                        id: entry.Source,\r\n","                        label: entry.Source,\r\n","                        group: userData.Country,\r\n","                        color: getGroupColor(userData.Country),\r\n","                        x: parseFloat(userData.x),\r\n","                        y: parseFloat(userData.y),\r\n","                        fixed: {{\r\n","                            x: true,\r\n","                            y: true\r\n","                        }}\r\n","                    }});\r\n","                }}\r\n","                if (!nodes.some((node) => node.id === entry.Target)) {{\r\n","                    const userData = getUserData(entry.Target);\r\n","                    nodes.push({{\r\n","                        id: entry.Target,\r\n","                        label: entry.Target,\r\n","                        group: userData.country,\r\n","                        color: getGroupColor(userData.country),\r\n","                        x: parseFloat(userData.x),\r\n","                        y: parseFloat(userData.y),\r\n","                        fixed: {{\r\n","                            x: true,\r\n","                            y: true\r\n","                        }}\r\n","                    }});\r\n","                }}\r\n","                edges.push({{\r\n","                    from: entry.Source,\r\n","                    to: entry.Target,\r\n","                    label: String(entry.Interactions),\r\n","                    arrows: 'to',\r\n","                    hidden: true\r\n","                }});\r\n","            }});\r\n","\r\n","            // Create a vis.DataSet for nodes and edges\r\n","            nodes = nodes.sort((a,b) => String(a.id).localeCompare(String(b.id)));\r\n","            nodesDataset = new vis.DataSet(nodes);\r\n","            edgesDataset = new vis.DataSet(edges);\r\n","\r\n","            // Set up options for the network graph\r\n","            const options = {{\r\n","                nodes: {{\r\n","                    shape: 'dot',\r\n","                    scaling: {{\r\n","                        min: 10,\r\n","                        max: 30,\r\n","                    }},\r\n","                    font: {{\r\n","                        size: 12,\r\n","                        face: \"Tahoma\",\r\n","                    }}\r\n","                }},\r\n","                edges: {{\r\n","                    width: 0.15,\r\n","                    color: {{\r\n","                        inherit: \"from\"\r\n","                    }},\r\n","                    font: {{\r\n","                        size: 12,\r\n","                        align: 'middle'\r\n","                    }},\r\n","                    arrows: {{\r\n","                        to: {{ enabled: true, scaleFactor: 0.7 }},\r\n","                    }},\r\n","                    smooth: {{ enabled: true, type: 'continuous' }}\r\n","                }},\r\n","                physics: false,\r\n","                interaction: {{\r\n","                    hover: true,\r\n","                    hideEdgesOnDrag: true,\r\n","                    tooltipDelay: 200\r\n","                }}\r\n","            }};\r\n","\r\n","            // Initialize the network graph\r\n","            const container = document.getElementById('network');\r\n","            const data = {{\r\n","                nodes: nodesDataset,\r\n","                edges: edgesDataset\r\n","            }};\r\n","            const network = new vis.Network(container, data, options);\r\n","            initializeSelect2();\r\n","            groupBy(\"Country\");\r\n","        }}\r\n","        createNetworkGraph();\r\n"," \r\n","    </script>\r\n","</body>\r\n","</html>\r\n","\"\"\"\r\n","\r\n","html_vis_df = spark.createDataFrame([(html_template,)], [\"html_content\"])\r\n","\r\n","# Save the dataframe as a Text file\r\n","html_vis_df.coalesce(1).write.option(\"header\", False).mode(\"overwrite\").text(onaVisualizerOutputPath)\r\n","\r\n","Path = sc._gateway.jvm.org.apache.hadoop.fs.Path\r\n","# get the part file generated by spark write\r\n","fs = Path(onaVisualizerOutputPath).getFileSystem(sc._jsc.hadoopConfiguration())\r\n","part_file = fs.globStatus(Path(onaVisualizerOutputPath + \"/part*\"))[0].getPath()\r\n","#set final target path\r\n","target_path_ona_visualizer = onaVisualizerOutputPath + \".html\"\r\n","# move and rename the file\r\n","fs.delete(Path(target_path_ona_visualizer), True)\r\n","fs.rename(part_file, Path(target_path_ona_visualizer))\r\n","fs.delete(Path(onaVisualizerOutputPath), True)\r\n",""],"outputs":[]}]},"dependsOn":[]},{"name":"[concat(parameters('workspaceName'), '/M365UserDataCopyPipeline')]","type":"Microsoft.Synapse/workspaces/pipelines","apiVersion":"2019-06-01-preview","properties":{"activities":[{"name":"IsParquet","type":"IfCondition","dependsOn":[],"userProperties":[],"typeProperties":{"expression":{"value":"@pipeline().parameters.ExtractToParquet","type":"Expression"},"ifFalseActivities":[{"name":"Copy User","type":"Copy","dependsOn":[],"policy":{"timeout":"1.01:00:00","retry":0,"retryIntervalInSeconds":30,"secureOutput":false,"secureInput":false},"userProperties":[],"typeProperties":{"source":{"type":"Office365Source","outputColumns":[{"name":"country"},{"name":"department"},{"name":"id"},{"name":"jobTitle"},{"name":"mail"},{"name":"preferredLanguage"},{"name":"state"}],"MGDCTemplateId":"89a93449-a164-49f1-9866-8f9758593f99"},"sink":{"type":"BinarySink","storeSettings":{"type":"AzureBlobFSWriteSettings"}},"enableStaging":false},"inputs":[{"referenceName":"Microsoft365UserTable","type":"DatasetReference","parameters":{}}],"outputs":[{"referenceName":"UserSink","type":"DatasetReference","parameters":{"FolderName":{"value":"@pipeline().parameters.UserFolderName","type":"Expression"}}}]}],"ifTrueActivities":[{"name":"M365UserDataFlow","type":"ExecuteDataFlow","dependsOn":[],"policy":{"timeout":"1.01:00:00","retry":0,"retryIntervalInSeconds":30,"secureOutput":false,"secureInput":false},"userProperties":[],"typeProperties":{"dataflow":{"referenceName":"M365UserDataFlow","type":"DataFlowReference","parameters":{"UserFolderName":{"value":"'@{pipeline().parameters.UserFolderName}'","type":"Expression"}},"datasetParameters":{"MGDCUserSourceData":{},"MGDCUserSinkData":{}}},"staging":{},"compute":{"coreCount":8,"computeType":"General"},"traceLevel":"Fine"}}]}}],"policy":{"elapsedTimeMetric":{},"cancelAfter":{}},"parameters":{"StartDate":{"type":"string"},"EndDate":{"type":"string"},"UserFolderName":{"type":"string"},"ExtractToParquet":{"type":"bool","defaultValue":false}},"folder":{"name":"DataCopyPipelines"},"annotations":[],"lastPublishTime":"2023-09-26T01:42:48Z"},"dependsOn":["[concat(variables('workspaceId'), '/datasets/Microsoft365UserTable')]","[concat(variables('workspaceId'), '/datasets/UserSink')]","[concat(variables('workspaceId'), '/dataflows/M365UserDataFlow')]"]},{"name":"[concat(parameters('workspaceName'), '/M365EmailDataCopyPipeline')]","type":"Microsoft.Synapse/workspaces/pipelines","apiVersion":"2019-06-01-preview","properties":{"activities":[{"name":"IsParquet","type":"IfCondition","dependsOn":[],"userProperties":[],"typeProperties":{"expression":{"value":"@pipeline().parameters.ExtractToParquet","type":"Expression"},"ifFalseActivities":[{"name":"Copy Email","type":"Copy","dependsOn":[],"policy":{"timeout":"1.01:00:00","retry":0,"retryIntervalInSeconds":30,"secureOutput":false,"secureInput":false},"userProperties":[],"typeProperties":{"source":{"type":"Office365Source","dateFilterColumn":"sentDateTime","startTime":{"value":"@formatDateTime(pipeline().parameters.StartDate)","type":"Expression"},"endTime":{"value":"@formatDateTime(pipeline().parameters.EndDate)","type":"Expression"},"outputColumns":[{"name":"receivedDateTime"},{"name":"sentDateTime"},{"name":"sender"},{"name":"from"},{"name":"toRecipients"},{"name":"ccRecipients"},{"name":"bccRecipients"},{"name":"conversationId"},{"name":"isRead"},{"name":"createdDateTime"},{"name":"id"},{"name":"conversationIndex"},{"name":"internetMessageId"}],"MGDCTemplateId":"89a93449-a164-49f1-9866-8f9758593f99"},"sink":{"type":"BinarySink","storeSettings":{"type":"AzureBlobFSWriteSettings"}},"enableStaging":false},"inputs":[{"referenceName":"Microsoft365EmailTable","type":"DatasetReference","parameters":{}}],"outputs":[{"referenceName":"EmailSink","type":"DatasetReference","parameters":{"FolderName":{"value":"@pipeline().parameters.EmailFolderName","type":"Expression"}}}]}],"ifTrueActivities":[{"name":"M365EmailDataFlow","type":"ExecuteDataFlow","dependsOn":[],"policy":{"timeout":"1.01:00:00","retry":0,"retryIntervalInSeconds":30,"secureOutput":false,"secureInput":false},"userProperties":[],"typeProperties":{"dataflow":{"referenceName":"M365EmailDataFlow","type":"DataFlowReference","parameters":{"StartDate":{"value":"'@{pipeline().parameters.StartDate}'","type":"Expression"},"EndDate":{"value":"'@{pipeline().parameters.EndDate}'","type":"Expression"},"EmailFolderName":{"value":"'@{pipeline().parameters.EmailFolderName}'","type":"Expression"}},"datasetParameters":{"MGDCEmailSourceData":{},"MGDCEmailSinkData":{}}},"staging":{},"compute":{"coreCount":8,"computeType":"General"},"traceLevel":"Fine"}}]}}],"policy":{"elapsedTimeMetric":{},"cancelAfter":{}},"parameters":{"StartDate":{"type":"string"},"EndDate":{"type":"string"},"EmailFolderName":{"type":"string"},"ExtractToParquet":{"type":"bool","defaultValue":false}},"folder":{"name":"DataCopyPipelines"},"annotations":[],"lastPublishTime":"2023-09-26T01:42:33Z"},"dependsOn":["[concat(variables('workspaceId'), '/datasets/Microsoft365EmailTable')]","[concat(variables('workspaceId'), '/datasets/EmailSink')]","[concat(variables('workspaceId'), '/dataflows/M365EmailDataFlow')]"]},{"name":"[concat(parameters('workspaceName'), '/M365TeamsChatDataCopyPipeline')]","type":"Microsoft.Synapse/workspaces/pipelines","apiVersion":"2019-06-01-preview","properties":{"activities":[{"name":"IsParquet","type":"IfCondition","dependsOn":[],"userProperties":[],"typeProperties":{"expression":{"value":"@pipeline().parameters.ExtractToParquet","type":"Expression"},"ifFalseActivities":[{"name":"Copy TeamsChat","type":"Copy","dependsOn":[],"policy":{"timeout":"1.01:00:00","retry":0,"retryIntervalInSeconds":30,"secureOutput":false,"secureInput":false},"userProperties":[],"typeProperties":{"source":{"type":"Office365Source","dateFilterColumn":"SentDateTime","startTime":{"value":"@formatDateTime(pipeline().parameters.StartDate)","type":"Expression"},"endTime":{"value":"@formatDateTime(pipeline().parameters.EndDate)","type":"Expression"},"outputColumns":[{"name":"Id"},{"name":"ReceivedDateTime"},{"name":"SentDateTime"},{"name":"InternetMessageId"},{"name":"ConversationId"},{"name":"ConversationIndex"},{"name":"Sender"},{"name":"From"},{"name":"ToRecipients"}],"MGDCTemplateId":"89a93449-a164-49f1-9866-8f9758593f99"},"sink":{"type":"BinarySink","storeSettings":{"type":"AzureBlobFSWriteSettings"}},"enableStaging":false},"inputs":[{"referenceName":"Microsoft365TeamsChatTable","type":"DatasetReference","parameters":{}}],"outputs":[{"referenceName":"TeamsChatSink","type":"DatasetReference","parameters":{"FolderName":{"value":"@pipeline().parameters.TeamsChatFolderName","type":"Expression"}}}]}],"ifTrueActivities":[{"name":"M365TeamsChatDataFlow","type":"ExecuteDataFlow","dependsOn":[],"policy":{"timeout":"1.01:00:00","retry":0,"retryIntervalInSeconds":30,"secureOutput":false,"secureInput":false},"userProperties":[],"typeProperties":{"dataflow":{"referenceName":"M365TeamsChatDataFlow","type":"DataFlowReference","parameters":{"StartDate":{"value":"'@{pipeline().parameters.StartDate}'","type":"Expression"},"EndDate":{"value":"'@{pipeline().parameters.EndDate}'","type":"Expression"},"TeamsChatFolderName":{"value":"'@{pipeline().parameters.TeamsChatFolderName}'","type":"Expression"}},"datasetParameters":{"MGDCTeamsChatSourceData":{},"MGDCTeamsChatSinkData":{}}},"staging":{},"compute":{"coreCount":8,"computeType":"General"},"traceLevel":"Fine"}}]}}],"policy":{"elapsedTimeMetric":{},"cancelAfter":{}},"parameters":{"StartDate":{"type":"string"},"EndDate":{"type":"string"},"TeamsChatFolderName":{"type":"string"},"ExtractToParquet":{"type":"bool","defaultValue":false}},"folder":{"name":"DataCopyPipelines"},"annotations":[],"lastPublishTime":"2023-09-26T01:42:42Z"},"dependsOn":["[concat(variables('workspaceId'), '/datasets/Microsoft365TeamsChatTable')]","[concat(variables('workspaceId'), '/datasets/TeamsChatSink')]","[concat(variables('workspaceId'), '/dataflows/M365TeamsChatDataFlow')]"]},{"name":"[concat(parameters('workspaceName'), '/M365CalendarDataCopyPipeline')]","type":"Microsoft.Synapse/workspaces/pipelines","apiVersion":"2019-06-01-preview","properties":{"activities":[{"name":"IsParquet","type":"IfCondition","dependsOn":[],"userProperties":[],"typeProperties":{"expression":{"value":"@pipeline().parameters.IsParquet","type":"Expression"},"ifFalseActivities":[{"name":"Copy Calendar","type":"Copy","dependsOn":[],"policy":{"timeout":"1.01:00:00","retry":0,"retryIntervalInSeconds":30,"secureOutput":false,"secureInput":false},"userProperties":[],"typeProperties":{"source":{"type":"Office365Source","startTime":{"value":"@formatDateTime(pipeline().parameters.StartDate)","type":"Expression"},"endTime":{"value":"@formatDateTime(pipeline().parameters.EndDate)","type":"Expression"},"outputColumns":[{"name":"id"},{"name":"createdDateTime"},{"name":"iCalUId"},{"name":"start"},{"name":"end"},{"name":"isAllDay"},{"name":"isCancelled"},{"name":"attendees"},{"name":"organizer"},{"name":"isOrganizer"}],"MGDCTemplateId":"89a93449-a164-49f1-9866-8f9758593f99"},"sink":{"type":"BinarySink","storeSettings":{"type":"AzureBlobFSWriteSettings"}},"enableStaging":false},"inputs":[{"referenceName":"Microsoft365CalendarTable","type":"DatasetReference","parameters":{}}],"outputs":[{"referenceName":"CalendarSink","type":"DatasetReference","parameters":{"FolderName":{"value":"@pipeline().parameters.CalendarFolderName","type":"Expression"}}}]}],"ifTrueActivities":[{"name":"M365CalendarDataFlow","type":"ExecuteDataFlow","dependsOn":[],"policy":{"timeout":"1.01:00:00","retry":0,"retryIntervalInSeconds":30,"secureOutput":false,"secureInput":false},"userProperties":[],"typeProperties":{"dataflow":{"referenceName":"M365CalendarDataFlow","type":"DataFlowReference","parameters":{"StartDate":{"value":"'@{pipeline().parameters.StartDate}'","type":"Expression"},"EndDate":{"value":"'@{pipeline().parameters.EndDate}'","type":"Expression"},"CalendarFolderName":{"value":"'@{pipeline().parameters.CalendarFolderName}'","type":"Expression"}},"datasetParameters":{"MGDCCalendarSourceData":{},"MGDCCalendarSinkData":{}}},"staging":{},"compute":{"coreCount":8,"computeType":"General"},"traceLevel":"Fine"}}]}}],"policy":{"elapsedTimeMetric":{},"cancelAfter":{}},"parameters":{"StartDate":{"type":"string"},"EndDate":{"type":"string"},"CalendarFolderName":{"type":"string"},"IsParquet":{"type":"bool","defaultValue":false}},"folder":{"name":"DataCopyPipelines"},"annotations":[],"lastPublishTime":"2023-09-26T01:42:39Z"},"dependsOn":["[concat(variables('workspaceId'), '/datasets/Microsoft365CalendarTable')]","[concat(variables('workspaceId'), '/datasets/CalendarSink')]","[concat(variables('workspaceId'), '/dataflows/M365CalendarDataFlow')]"]},{"name":"[concat(parameters('workspaceName'), '/Microsoft365UserTable')]","type":"Microsoft.Synapse/workspaces/datasets","apiVersion":"2019-06-01-preview","properties":{"linkedServiceName":{"referenceName":"[parameters('Microsoft365')]","type":"LinkedServiceReference"},"annotations":[],"type":"Office365Table","schema":[],"typeProperties":{"tableName":"BasicDataSet_v0.User_v1"}},"dependsOn":[]},{"name":"[concat(parameters('workspaceName'), '/UserSink')]","type":"Microsoft.Synapse/workspaces/datasets","apiVersion":"2019-06-01-preview","properties":{"linkedServiceName":{"referenceName":"[parameters('ADLSona')]","type":"LinkedServiceReference"},"parameters":{"FolderName":{"type":"string"}},"annotations":[],"type":"Binary","typeProperties":{"location":{"type":"AzureBlobFSLocation","folderPath":{"value":"@dataset().FolderName","type":"Expression"},"fileSystem":"mgdc"}}},"dependsOn":[]},{"name":"[concat(parameters('workspaceName'), '/M365UserDataFlow')]","type":"Microsoft.Synapse/workspaces/dataflows","apiVersion":"2019-06-01-preview","properties":{"type":"MappingDataFlow","typeProperties":{"sources":[{"linkedService":{"referenceName":"[parameters('Microsoft365')]","type":"LinkedServiceReference"},"name":"MGDCUserSourceData"}],"sinks":[{"linkedService":{"referenceName":"[parameters('ADLSona')]","type":"LinkedServiceReference"},"name":"MGDCUserSinkData","rejectedDataLinkedService":{"referenceName":"[parameters('ADLSona')]","type":"LinkedServiceReference"}}],"transformations":[],"scriptLines":["parameters{","     UserFolderName as string","}","source(allowSchemaDrift: true,","     validateSchema: false,","     store: 'microsoft365',","     format: 'json',","     sourceTableName: 'BasicDataSet_v0.User_v1',","     autoFlatten: false,","     sourceStructure: [","          ['name' -> 'country', 'type' -> 'string'],","          ['name' -> 'createdDateTime', 'type' -> 'string'],","          ['name' -> 'department', 'type' -> 'string'],","          ['name' -> 'id', 'type' -> 'string'],","          ['name' -> 'jobTitle', 'type' -> 'string'],","          ['name' -> 'mail', 'type' -> 'string'],","          ['name' -> 'preferredLanguage', 'type' -> 'string'],","          ['name' -> 'state', 'type' -> 'string']","     ]) ~> MGDCUserSourceData","MGDCUserSourceData sink(allowSchemaDrift: true,","     validateSchema: false,","     format: 'parquet',","     fileSystem: 'mgdc',","     folderPath: ($UserFolderName),","     umask: 0022,","     preCommands: [],","     postCommands: [],","     skipDuplicateMapInputs: true,","     skipDuplicateMapOutputs: true,","     outputAssertFailedRows: true,","     assertFailure_fileSystem: 'mgdc',","     assertFailure_folderPath: 'dataflowerrors') ~> MGDCUserSinkData"]}},"dependsOn":[]},{"name":"[concat(parameters('workspaceName'), '/Microsoft365EmailTable')]","type":"Microsoft.Synapse/workspaces/datasets","apiVersion":"2019-06-01-preview","properties":{"linkedServiceName":{"referenceName":"[parameters('Microsoft365')]","type":"LinkedServiceReference"},"annotations":[],"type":"Office365Table","schema":[],"typeProperties":{"tableName":"BasicDataSet_v0.Message_v1"}},"dependsOn":[]},{"name":"[concat(parameters('workspaceName'), '/EmailSink')]","type":"Microsoft.Synapse/workspaces/datasets","apiVersion":"2019-06-01-preview","properties":{"linkedServiceName":{"referenceName":"[parameters('ADLSona')]","type":"LinkedServiceReference"},"parameters":{"FolderName":{"type":"string"}},"annotations":[],"type":"Binary","typeProperties":{"location":{"type":"AzureBlobFSLocation","folderPath":{"value":"@dataset().FolderName","type":"Expression"},"fileSystem":"mgdc"}}},"dependsOn":[]},{"name":"[concat(parameters('workspaceName'), '/M365EmailDataFlow')]","type":"Microsoft.Synapse/workspaces/dataflows","apiVersion":"2019-06-01-preview","properties":{"type":"MappingDataFlow","typeProperties":{"sources":[{"linkedService":{"referenceName":"[parameters('Microsoft365')]","type":"LinkedServiceReference"},"name":"MGDCEmailSourceData"}],"sinks":[{"linkedService":{"referenceName":"[parameters('ADLSona')]","type":"LinkedServiceReference"},"name":"MGDCEmailSinkData","rejectedDataLinkedService":{"referenceName":"[parameters('ADLSona')]","type":"LinkedServiceReference"}}],"transformations":[],"scriptLines":["parameters{","     StartDate as string,","     EndDate as string,","     EmailFolderName as string","}","source(allowSchemaDrift: true,","     validateSchema: false,","     store: 'microsoft365',","     format: 'json',","     sourceTableName: 'BasicDataSet_v0.Message_v1',","     autoFlatten: false,","     sourceDateFilterColumn: 'sentDateTime',","     sourceStartTime: (toTimestamp($StartDate,\"yyyy-MM-dd\")),","     sourceEndTime: (toTimestamp($EndDate,\"yyyy-MM-dd\")),","     sourceStructure: [","          ['name' -> 'receivedDateTime', 'type' -> 'string'],","          ['name' -> 'sentDateTime', 'type' -> 'string'],","          ['name' -> 'internetMessageId', 'type' -> 'string'],","          ['name' -> 'sender', 'type' -> 'string'],","          ['name' -> 'from', 'type' -> 'string'],","          ['name' -> 'toRecipients', 'type' -> 'string'],","          ['name' -> 'ccRecipients', 'type' -> 'string'],","          ['name' -> 'bccRecipients', 'type' -> 'string'],","          ['name' -> 'conversationId', 'type' -> 'string'],","          ['name' -> 'isRead', 'type' -> 'boolean'],","          ['name' -> 'createdDateTime', 'type' -> 'string'],","          ['name' -> 'id', 'type' -> 'string'],","          ['name' -> 'conversationIndex', 'type' -> 'string']","     ]) ~> MGDCEmailSourceData","MGDCEmailSourceData sink(allowSchemaDrift: true,","     validateSchema: false,","     format: 'parquet',","     fileSystem: 'mgdc',","     folderPath: ($EmailFolderName),","     umask: 0022,","     preCommands: [],","     postCommands: [],","     skipDuplicateMapInputs: true,","     skipDuplicateMapOutputs: true,","     outputAssertFailedRows: true,","     assertFailure_fileSystem: 'mgdc',","     assertFailure_folderPath: 'dataflowerrors') ~> MGDCEmailSinkData"]}},"dependsOn":[]},{"name":"[concat(parameters('workspaceName'), '/Microsoft365TeamsChatTable')]","type":"Microsoft.Synapse/workspaces/datasets","apiVersion":"2019-06-01-preview","properties":{"linkedServiceName":{"referenceName":"[parameters('Microsoft365')]","type":"LinkedServiceReference"},"annotations":[],"type":"Office365Table","schema":[],"typeProperties":{"tableName":"BasicDataSet_v0.TeamChat_v1"}},"dependsOn":[]},{"name":"[concat(parameters('workspaceName'), '/TeamsChatSink')]","type":"Microsoft.Synapse/workspaces/datasets","apiVersion":"2019-06-01-preview","properties":{"linkedServiceName":{"referenceName":"[parameters('ADLSona')]","type":"LinkedServiceReference"},"parameters":{"FolderName":{"type":"string"}},"annotations":[],"type":"Binary","typeProperties":{"location":{"type":"AzureBlobFSLocation","folderPath":{"value":"@dataset().FolderName","type":"Expression"},"fileSystem":"mgdc"}}},"dependsOn":[]},{"name":"[concat(parameters('workspaceName'), '/M365TeamsChatDataFlow')]","type":"Microsoft.Synapse/workspaces/dataflows","apiVersion":"2019-06-01-preview","properties":{"type":"MappingDataFlow","typeProperties":{"sources":[{"linkedService":{"referenceName":"[parameters('Microsoft365')]","type":"LinkedServiceReference"},"name":"MGDCTeamsChatSourceData"}],"sinks":[{"linkedService":{"referenceName":"[parameters('ADLSona')]","type":"LinkedServiceReference"},"name":"MGDCTeamsChatSinkData","rejectedDataLinkedService":{"referenceName":"[parameters('ADLSona')]","type":"LinkedServiceReference"}}],"transformations":[],"scriptLines":["parameters{","     StartDate as string,","     EndDate as string,","     TeamsChatFolderName as string","}","source(allowSchemaDrift: true,","     validateSchema: false,","     store: 'microsoft365',","     format: 'json',","     sourceTableName: 'BasicDataSet_v0.TeamChat_v1',","     autoFlatten: false,","     sourceDateFilterColumn: 'SentDateTime',","     sourceStartTime: (toTimestamp(toString($StartDate),\"yyyy-MM-dd\")),","     sourceEndTime: (toTimestamp(toString($EndDate),\"yyyy-MM-dd\")),","     sourceStructure: [","          ['name' -> 'Id', 'type' -> 'string'],","          ['name' -> 'CreatedDateTime', 'type' -> 'string'],","          ['name' -> 'SentDateTime', 'type' -> 'string'],","          ['name' -> 'InternetMessageId', 'type' -> 'string'],","          ['name' -> 'ConversationId', 'type' -> 'string'],","          ['name' -> 'ConversationIndex', 'type' -> 'string'],","          ['name' -> 'Sender', 'type' -> 'string'],","          ['name' -> 'From', 'type' -> 'string'],","          ['name' -> 'ToRecipients', 'type' -> 'string']","     ]) ~> MGDCTeamsChatSourceData","MGDCTeamsChatSourceData sink(allowSchemaDrift: true,","     validateSchema: false,","     format: 'parquet',","     fileSystem: 'mgdc',","     folderPath: ($TeamsChatFolderName),","     umask: 0022,","     preCommands: [],","     postCommands: [],","     skipDuplicateMapInputs: true,","     skipDuplicateMapOutputs: true,","     outputAssertFailedRows: true,","     assertFailure_fileSystem: 'mgdc',","     assertFailure_folderPath: 'dataflowerrors') ~> MGDCTeamsChatSinkData"]}},"dependsOn":[]},{"name":"[concat(parameters('workspaceName'), '/Microsoft365CalendarTable')]","type":"Microsoft.Synapse/workspaces/datasets","apiVersion":"2019-06-01-preview","properties":{"linkedServiceName":{"referenceName":"[parameters('Microsoft365')]","type":"LinkedServiceReference"},"annotations":[],"type":"Office365Table","schema":[],"typeProperties":{"tableName":"BasicDataSet_v0.CalendarView_v0","MGDCSolutionTemplateId":"89a93449-a164-49f1-9866-8f9758593f99"}},"dependsOn":[]},{"name":"[concat(parameters('workspaceName'), '/CalendarSink')]","type":"Microsoft.Synapse/workspaces/datasets","apiVersion":"2019-06-01-preview","properties":{"linkedServiceName":{"referenceName":"[parameters('ADLSona')]","type":"LinkedServiceReference"},"parameters":{"FolderName":{"type":"string"}},"annotations":[],"type":"Binary","typeProperties":{"location":{"type":"AzureBlobFSLocation","folderPath":{"value":"@dataset().FolderName","type":"Expression"},"fileSystem":"mgdc"}}},"dependsOn":[]},{"name":"[concat(parameters('workspaceName'), '/M365CalendarDataFlow')]","type":"Microsoft.Synapse/workspaces/dataflows","apiVersion":"2019-06-01-preview","properties":{"type":"MappingDataFlow","typeProperties":{"sources":[{"linkedService":{"referenceName":"[parameters('Microsoft365')]","type":"LinkedServiceReference"},"name":"MGDCCalendarSourceData"}],"sinks":[{"linkedService":{"referenceName":"[parameters('ADLSona')]","type":"LinkedServiceReference"},"name":"MGDCCalendarSinkData","rejectedDataLinkedService":{"referenceName":"[parameters('ADLSona')]","type":"LinkedServiceReference"}}],"transformations":[],"scriptLines":["parameters{","     StartDate as string,","     EndDate as string,","     CalendarFolderName as string","}","source(allowSchemaDrift: true,","     validateSchema: false,","     store: 'microsoft365',","     format: 'json',","     sourceTableName: 'BasicDataSet_v0.CalendarView_v0',","     autoFlatten: false,","     sourceStartTime: (toTimestamp($StartDate, \"yyyy-MM-dd\")),","     sourceEndTime: (toTimestamp($EndDate,\"yyyy-MM-dd\")),","     sourceStructure: [","          ['name' -> 'id', 'type' -> 'string'],","          ['name' -> 'createdDateTime', 'type' -> 'string'],","          ['name' -> 'iCalUId', 'type' -> 'string'],","          ['name' -> 'start', 'type' -> 'string'],","          ['name' -> 'end', 'type' -> 'string'],","          ['name' -> 'isAllDay', 'type' -> 'boolean'],","          ['name' -> 'isCancelled', 'type' -> 'boolean'],","          ['name' -> 'attendees', 'type' -> 'string'],","          ['name' -> 'organizer', 'type' -> 'string']","     ],","     sourceDateFilterColumn: '') ~> MGDCCalendarSourceData","MGDCCalendarSourceData sink(allowSchemaDrift: true,","     validateSchema: false,","     format: 'parquet',","     fileSystem: 'mgdc',","     folderPath: ($CalendarFolderName),","     umask: 0022,","     preCommands: [],","     postCommands: [],","     skipDuplicateMapInputs: true,","     skipDuplicateMapOutputs: true,","     outputAssertFailedRows: true,","     assertFailure_fileSystem: 'mgdc',","     assertFailure_folderPath: 'dataflowerrors') ~> MGDCCalendarSinkData"]}},"dependsOn":[]}]}