{
  "IsEncrypted": false,
  "Values": {
    "WEBSITE_SLOT_NAME": "Production",
    "astoressyrkokxetgty_STORAGE": "DefaultEndpointsProtocol=https;AccountName=astoressyrkokxetgty;AccountKey=wGQLTUkBZvW5Yj6VuWaUdhSKIbZnuQx+KQe17ivX4D3gDEG7TbB5RSW6TB6l2aWQA0pitN45Xv5GeKhhD6PqyA==",
    "FUNCTIONS_EXTENSION_VERSION": "~4",
    "ScmType": "None",
    "WEBSITE_AUTH_ENABLED": "False",
    "WEBSITE_CONTENTAZUREFILECONNECTIONSTRING": "DefaultEndpointsProtocol=https;AccountName=niktbdfunction98c2;AccountKey=HHV/aMWODw4e2pA+Ztpo+uzar+o5n9Xxh35ePAzryvPNCLVGainm1XOEp1ZPFbbhgMifi5VIEUefoV+80kMFRQ==;EndpointSuffix=core.windows.net",
    "WEBSITE_CONTENTSHARE": "niktbdfunctionbc4a",
    "FUNCTIONS_WORKER_RUNTIME": "powershell",
    "WEBSITE_SITE_NAME": "Niktbdfunction",
    "AzureWebJobsStorage": "DefaultEndpointsProtocol=https;AccountName=niktbdfunction98c2;AccountKey=HHV/aMWODw4e2pA+Ztpo+uzar+o5n9Xxh35ePAzryvPNCLVGainm1XOEp1ZPFbbhgMifi5VIEUefoV+80kMFRQ==;EndpointSuffix=core.windows.net"
  }
}