{"$schema":"http://schema.management.azure.com/schemas/2015-01-01/deploymentTemplate.json#","contentVersion":"1.0.0.0","parameters":{"workspaceName":{"type":"string","metadata":"Workspace name","defaultValue":"onasynapseqow3pn6tamstg"},"Microsoft3651":{"type":"string"},"AzureDataLakeStorage1":{"type":"string"}},"variables":{"workspaceId":"[concat('Microsoft.Synapse/workspaces/', parameters('workspaceName'))]"},"resources":[{"name":"[concat(parameters('workspaceName'), '/EmployeeCommDataTable')]","type":"Microsoft.Synapse/workspaces/pipelines","apiVersion":"2019-06-01-preview","properties":{"activities":[{"name":"If GetUserData is true","type":"IfCondition","dependsOn":[{"activity":"Set User FolderName","dependencyConditions":["Succeeded"]}],"userProperties":[],"typeProperties":{"expression":{"value":"@pipeline().parameters.GetUserData","type":"Expression"},"ifTrueActivities":[{"name":"Copy User","type":"Copy","dependsOn":[],"policy":{"timeout":"0.12:00:00","retry":0,"retryIntervalInSeconds":30,"secureOutput":false,"secureInput":false},"userProperties":[],"typeProperties":{"source":{"type":"Office365Source","outputColumns":[{"name":"country"},{"name":"department"},{"name":"displayName"},{"name":"givenName"},{"name":"hireDate"},{"name":"id"},{"name":"jobTitle"},{"name":"mail"},{"name":"preferredLanguage"},{"name":"state"},{"name":"userType"}]},"sink":{"type":"BinarySink","storeSettings":{"type":"AzureBlobFSWriteSettings"}},"enableStaging":false},"inputs":[{"referenceName":"Microsoft365UserTable","type":"DatasetReference","parameters":{}}],"outputs":[{"referenceName":"UserSink","type":"DatasetReference","parameters":{"FolderName":{"value":"@variables('UserFolderName')","type":"Expression"}}}]}]}},{"name":"If GetEmailData is true","type":"IfCondition","dependsOn":[{"activity":"Set Email FolderName","dependencyConditions":["Succeeded"]}],"userProperties":[],"typeProperties":{"expression":{"value":"@pipeline().parameters.GetEmailData","type":"Expression"},"ifTrueActivities":[{"name":"Copy Email","type":"Copy","dependsOn":[],"policy":{"timeout":"0.12:00:00","retry":0,"retryIntervalInSeconds":30,"secureOutput":false,"secureInput":false},"userProperties":[],"typeProperties":{"source":{"type":"Office365Source","dateFilterColumn":"sentDateTime","startTime":{"value":"@formatDateTime(pipeline().parameters.StartDate)","type":"Expression"},"endTime":{"value":"@formatDateTime(pipeline().parameters.EndDate)","type":"Expression"},"outputColumns":[{"name":"receivedDateTime"},{"name":"sentDateTime"},{"name":"subject"},{"name":"importance"},{"name":"sender"},{"name":"from"},{"name":"toRecipients"},{"name":"ccRecipients"},{"name":"bccRecipients"},{"name":"conversationId"},{"name":"isRead"},{"name":"isDraft"},{"name":"createdDateTime"},{"name":"id"},{"name":"conversationIndex"}]},"sink":{"type":"BinarySink","storeSettings":{"type":"AzureBlobFSWriteSettings"}},"enableStaging":false},"inputs":[{"referenceName":"Microsoft365EmailTable","type":"DatasetReference","parameters":{}}],"outputs":[{"referenceName":"EmailSink","type":"DatasetReference","parameters":{"FolderName":{"value":"@variables('EmailFolderName')","type":"Expression"}}}]}]}},{"name":"If GetTeamsChatData is true","type":"IfCondition","dependsOn":[{"activity":"Set TeamsChat FolderName","dependencyConditions":["Succeeded"]}],"userProperties":[],"typeProperties":{"expression":{"value":"@pipeline().parameters.GetTeamsChatData","type":"Expression"},"ifTrueActivities":[{"name":"Copy TeamsChat","type":"Copy","dependsOn":[],"policy":{"timeout":"0.12:00:00","retry":0,"retryIntervalInSeconds":30,"secureOutput":false,"secureInput":false},"userProperties":[],"typeProperties":{"source":{"type":"Office365Source","dateFilterColumn":"SentDateTime","startTime":{"value":"@formatDateTime(pipeline().parameters.StartDate)","type":"Expression"},"endTime":{"value":"@formatDateTime(pipeline().parameters.EndDate)","type":"Expression"},"outputColumns":[{"name":"Id"},{"name":"ReceivedDateTime"},{"name":"SentDateTime"},{"name":"InternetMessageId"},{"name":"ConversationId"},{"name":"ConversationIndex"},{"name":"Sender"},{"name":"From"},{"name":"ToRecipients"}]},"sink":{"type":"BinarySink","storeSettings":{"type":"AzureBlobFSWriteSettings"}},"enableStaging":false},"inputs":[{"referenceName":"Microsoft365TeamsChatTable","type":"DatasetReference","parameters":{}}],"outputs":[{"referenceName":"TeamsChatSink","type":"DatasetReference","parameters":{"FolderName":{"value":"@variables('TeamsChatFolderName')","type":"Expression"}}}]}]}},{"name":"If GetCalendarData is true","type":"IfCondition","dependsOn":[{"activity":"Set Calendar FileName","dependencyConditions":["Succeeded"]}],"userProperties":[],"typeProperties":{"expression":{"value":"@pipeline().parameters.GetCalendarData","type":"Expression"},"ifTrueActivities":[{"name":"Copy Calendar","type":"Copy","dependsOn":[],"policy":{"timeout":"0.12:00:00","retry":0,"retryIntervalInSeconds":30,"secureOutput":false,"secureInput":false},"userProperties":[],"typeProperties":{"source":{"type":"Office365Source","startTime":{"value":"@formatDateTime(pipeline().parameters.StartDate)","type":"Expression"},"endTime":{"value":"@formatDateTime(pipeline().parameters.EndDate)","type":"Expression"},"outputColumns":[{"name":"id"},{"name":"createdDateTime"},{"name":"responseStatus"},{"name":"iCalUId"},{"name":"subject"},{"name":"importance"},{"name":"sensitivity"},{"name":"start"},{"name":"end"},{"name":"isCancelled"},{"name":"isOrganizer"},{"name":"type"},{"name":"attendees"},{"name":"organizer"}]},"sink":{"type":"BinarySink","storeSettings":{"type":"AzureBlobFSWriteSettings"}},"enableStaging":false},"inputs":[{"referenceName":"Microsoft365CalendarTable","type":"DatasetReference","parameters":{}}],"outputs":[{"referenceName":"CalendarSink","type":"DatasetReference","parameters":{"FolderName":{"value":"@variables('CalendarFolderName')","type":"Expression"}}}]}]}},{"name":"Run Data Table Notebook","type":"SynapseNotebook","dependsOn":[{"activity":"Convert StorageUrl to Abfss Path","dependencyConditions":["Succeeded"]}],"policy":{"timeout":"0.12:00:00","retry":0,"retryIntervalInSeconds":30,"secureOutput":false,"secureInput":false},"userProperties":[],"typeProperties":{"notebook":{"referenceName":"DataTable","type":"NotebookReference"},"parameters":{"calendarPath":{"value":{"value":"@concat(variables('StorageAbfssPath'), variables('CalendarFolderName'), '/')","type":"Expression"},"type":"string"},"emailPath":{"value":{"value":"@concat(variables('StorageAbfssPath'), variables('EmailFolderName'), '/')\n","type":"Expression"},"type":"string"},"teamsChatPath":{"value":{"value":"@concat(variables('StorageAbfssPath'), variables('TeamsChatFolderName'), '/')","type":"Expression"},"type":"string"},"userPath":{"value":{"value":"@concat(variables('StorageAbfssPath'), variables('UserFolderName'), '/')","type":"Expression"},"type":"string"},"usersOutputPath":{"value":{"value":"@concat(replace(variables('StorageAbfssPath'),'mgdc@','output@'),'users_', pipeline().parameters.StartDate, '_to_', pipeline().parameters.EndDate, '.csv')","type":"Expression"},"type":"string"},"meetingsOutputPath":{"value":{"value":"@concat(replace(variables('StorageAbfssPath'),'mgdc@','output@'),'meetings_', pipeline().parameters.StartDate, '_to_', pipeline().parameters.EndDate, '.csv')","type":"Expression"},"type":"string"},"period":{"value":{"value":"@concat(pipeline().parameters.StartDate, ' to ', pipeline().parameters.EndDate)","type":"Expression"},"type":"string"},"teamsCallsPath":{"value":{"value":"@concat(variables('StorageAbfssPath'), variables('CallsFolderName'), '/')","type":"Expression"},"type":"string"},"mailsOutputPath":{"value":{"value":"@concat(replace(variables('StorageAbfssPath'),'mgdc@','output@'),'mails_', pipeline().parameters.StartDate, '_to_', pipeline().parameters.EndDate, '.csv')","type":"Expression"},"type":"string"},"teamschatsOutputPath":{"value":{"value":"@concat(replace(variables('StorageAbfssPath'),'mgdc@','output@'),'teamschats_', pipeline().parameters.StartDate, '_to_', pipeline().parameters.EndDate, '.csv')","type":"Expression"},"type":"string"},"callsOutputPath":{"value":{"value":"@concat(replace(variables('StorageAbfssPath'),'mgdc@','output@'),'calls_', pipeline().parameters.StartDate, '_to_', pipeline().parameters.EndDate, '.csv')","type":"Expression"},"type":"string"},"meetingsParticipantsOutputPath":{"value":{"value":"@concat(replace(variables('StorageAbfssPath'),'mgdc@','output@'),'meetingsParticipants_', pipeline().parameters.StartDate, '_to_', pipeline().parameters.EndDate, '.csv')","type":"Expression"},"type":"string"},"mailsParticipantsOutputPath":{"value":{"value":"@concat(replace(variables('StorageAbfssPath'),'mgdc@','output@'),'mailsParticipants_', pipeline().parameters.StartDate, '_to_', pipeline().parameters.EndDate, '.csv')","type":"Expression"},"type":"string"},"teamschatsParticipantsOutputPath":{"value":{"value":"@concat(replace(variables('StorageAbfssPath'),'mgdc@','output@'),'teamschatsParticipants_', pipeline().parameters.StartDate, '_to_', pipeline().parameters.EndDate, '.csv')","type":"Expression"},"type":"string"},"callsParticipantsOutputPath":{"value":{"value":"@concat(replace(variables('StorageAbfssPath'),'mgdc@','output@'),'callsParticipants_', pipeline().parameters.StartDate, '_to_', pipeline().parameters.EndDate, '.csv')","type":"Expression"},"type":"string"}},"snapshot":true,"sparkPool":{"referenceName":"onasynapsepool","type":"BigDataPoolReference"},"executorSize":null,"conf":{"spark.dynamicAllocation.enabled":null,"spark.dynamicAllocation.minExecutors":null,"spark.dynamicAllocation.maxExecutors":null},"driverSize":null,"numExecutors":null}},{"name":"Set User FolderName","type":"SetVariable","dependsOn":[],"userProperties":[],"typeProperties":{"variableName":"UserFolderName","value":{"value":"@concat('user_', pipeline().parameters.StartDate, '_to_', pipeline().parameters.EndDate)","type":"Expression"}}},{"name":"Set Email FolderName","type":"SetVariable","dependsOn":[],"userProperties":[],"typeProperties":{"variableName":"EmailFolderName","value":{"value":"@concat('email_', pipeline().parameters.StartDate, '_to_', pipeline().parameters.EndDate)","type":"Expression"}}},{"name":"Set TeamsChat FolderName","type":"SetVariable","dependsOn":[],"userProperties":[],"typeProperties":{"variableName":"TeamsChatFolderName","value":{"value":"@concat('teamschat_', pipeline().parameters.StartDate, '_to_', pipeline().parameters.EndDate)","type":"Expression"}}},{"name":"Set Calendar FileName","type":"SetVariable","dependsOn":[],"userProperties":[],"typeProperties":{"variableName":"CalendarFolderName","value":{"value":"@concat('calendar_', pipeline().parameters.StartDate, '_to_', pipeline().parameters.EndDate)","type":"Expression"}}},{"name":"Convert StorageUrl to Abfss Path","type":"SetVariable","dependsOn":[{"activity":"If GetCalendarData is true","dependencyConditions":["Succeeded"]},{"activity":"If GetTeamsChatData is true","dependencyConditions":["Succeeded"]},{"activity":"If GetEmailData is true","dependencyConditions":["Succeeded"]},{"activity":"If GetUserData is true","dependencyConditions":["Succeeded"]},{"activity":"If GetTeamsCallsData is true","dependencyConditions":["Succeeded"]}],"userProperties":[],"typeProperties":{"variableName":"StorageAbfssPath","value":{"value":"@concat(replace(replace(trim(pipeline().parameters.StorageUrl), 'https://', 'abfss://mgdc@'),'dfs.core.windows.net/','dfs.core.windows.net'),'/')\n","type":"Expression"}}},{"name":"Set Calls FileName","type":"SetVariable","dependsOn":[],"userProperties":[],"typeProperties":{"variableName":"CallsFolderName","value":{"value":"@concat('calls_', pipeline().parameters.StartDate, '_to_', pipeline().parameters.EndDate)","type":"Expression"}}},{"name":"If GetTeamsCallsData is true","type":"IfCondition","dependsOn":[{"activity":"Set Calls FileName","dependencyConditions":["Succeeded"]}],"userProperties":[],"typeProperties":{"expression":{"value":"@pipeline().parameters.GetTeamsCallsData","type":"Expression"},"ifTrueActivities":[{"name":"Copy Calls","type":"Copy","dependsOn":[],"policy":{"timeout":"0.12:00:00","retry":0,"retryIntervalInSeconds":30,"secureOutput":false,"secureInput":false},"userProperties":[],"typeProperties":{"source":{"type":"Office365Source","dateFilterColumn":"CreatedDateTime","startTime":{"value":"@formatDateTime(pipeline().parameters.StartDate)","type":"Expression"},"endTime":{"value":"@formatDateTime(pipeline().parameters.EndDate)","type":"Expression"},"outputColumns":[{"name":"CreatedDateTime"},{"name":"Organizer"},{"name":"Attendees"},{"name":"StartTime"},{"name":"EndTime"},{"name":"CommunicationId"},{"name":"ICalUid"},{"name":"CommunicationType"},{"name":"CommunicationSubType"},{"name":"ThreadId"},{"name":"Content"}]},"sink":{"type":"BinarySink","storeSettings":{"type":"AzureBlobFSWriteSettings"}},"enableStaging":false},"inputs":[{"referenceName":"Microsoft365Table1","type":"DatasetReference","parameters":{}}],"outputs":[{"referenceName":"TeamsCallsSink","type":"DatasetReference","parameters":{"FolderName":{"value":"@variables('CallsFolderName')","type":"Expression"}}}]}]}}],"policy":{"elapsedTimeMetric":{},"cancelAfter":{}},"parameters":{"StartDate":{"type":"string","defaultValue":"2022-06-01"},"EndDate":{"type":"string","defaultValue":"2022-10-31"},"StorageUrl":{"type":"string","defaultValue":"https://<your-storage>.dfs.core.windows.net/"},"GetUserData":{"type":"bool","defaultValue":true},"GetEmailData":{"type":"bool","defaultValue":true},"GetCalendarData":{"type":"bool","defaultValue":true},"GetTeamsChatData":{"type":"bool","defaultValue":true},"GetTeamsCallsData":{"type":"bool","defaultValue":true}},"variables":{"CalendarFolderName":{"type":"String"},"EmailFolderName":{"type":"String"},"TeamsChatFolderName":{"type":"String"},"UserFolderName":{"type":"String"},"StorageAbfssPath":{"type":"String"},"CallsFolderName":{"type":"String"}},"annotations":[],"lastPublishTime":"2023-02-01T20:22:42Z"},"dependsOn":["[concat(variables('workspaceId'), '/notebooks/DataTable')]","[concat(variables('workspaceId'), '/bigDataPools/onasynapsepool')]","[concat(variables('workspaceId'), '/datasets/Microsoft365UserTable')]","[concat(variables('workspaceId'), '/datasets/UserSink')]","[concat(variables('workspaceId'), '/datasets/Microsoft365EmailTable')]","[concat(variables('workspaceId'), '/datasets/EmailSink')]","[concat(variables('workspaceId'), '/datasets/Microsoft365TeamsChatTable')]","[concat(variables('workspaceId'), '/datasets/TeamsChatSink')]","[concat(variables('workspaceId'), '/datasets/Microsoft365CalendarTable')]","[concat(variables('workspaceId'), '/datasets/CalendarSink')]","[concat(variables('workspaceId'), '/datasets/Microsoft365Table1')]","[concat(variables('workspaceId'), '/datasets/TeamsCallsSink')]"]},{"name":"[concat(parameters('workspaceName'), '/DataTable')]","type":"Microsoft.Synapse/workspaces/notebooks","apiVersion":"2019-06-01-preview","properties":{"nbformat":4,"nbformat_minor":2,"bigDataPool":{"referenceName":"onasynapsepool","type":"BigDataPoolReference"},"sessionProperties":{"driverMemory":"28g","driverCores":4,"executorMemory":"28g","executorCores":4,"numExecutors":2,"runAsWorkspaceSystemIdentity":false,"conf":{"spark.dynamicAllocation.enabled":"false","spark.dynamicAllocation.minExecutors":"2","spark.dynamicAllocation.maxExecutors":"2","spark.autotune.trackingId":"9e6a9ee0-94a0-4183-98ef-b5d41da24b20"}},"metadata":{"saveOutput":true,"synapse_widget":{"version":"0.1","state":{}},"enableDebugMode":false,"kernelspec":{"name":"synapse_pyspark","display_name":"Synapse PySpark"},"language_info":{"name":"python"},"a365ComputeOptions":{"id":"/subscriptions/30a81c99-6121-40ba-99d7-ac674961cd7e/resourceGroups/rg-test-ona-arm/providers/Microsoft.Synapse/workspaces/onasynapseqow3pn6tamstg/bigDataPools/onasynapsepool","name":"onasynapsepool","type":"Spark","endpoint":"https://onasynapseqow3pn6tamstg.dev.azuresynapse.net/livyApi/versions/2019-11-01-preview/sparkPools/onasynapsepool","auth":{"type":"AAD","authResource":"https://dev.azuresynapse.net"},"sparkVersion":"3.1","nodeCount":3,"cores":4,"memory":28,"automaticScaleJobs":false},"sessionKeepAliveTimeout":30},"cells":[{"cell_type":"code","metadata":{"jupyter":{"source_hidden":false,"outputs_hidden":false},"nteract":{"transient":{"deleting":false}},"tags":["parameters"]},"source":["# Default parameters that can be freely changed or overriden by pipeline run \r\n","\r\n","# Inputs\r\n","userPath = \"abfss://mgdc@<your-storage>.dfs.core.windows.net/user_2022-06-01_to_2022-10-31/\"\r\n","calendarPath = \"abfss://mgdc@<your-storage>.dfs.core.windows.net/calendar_2022-06-01_to_2022-10-31/\"\r\n","emailPath = \"abfss://mgdc@<your-storage>.dfs.core.windows.net/email_2022-06-01_to_2022-10-31/\"\r\n","teamsChatPath = \"abfss://mgdc@<your-storage>.dfs.core.windows.net/teamschat_2022-06-01_to_2022-10-31/\"\r\n","callsPath = \"abfss://mgdc@<your-storage>.dfs.core.windows.net/calls_2022-06-01_to_2022-10-31/\"\r\n","\r\n","# Outputs\r\n","usersOutputPath = \"abfss://output@<your-storage>.dfs.core.windows.net/users-DT_2022-06-01_to_2022-10-31.csv\"\r\n","meetingsOutputPath = \"abfss://output@<your-storage>.dfs.core.windows.net/meetings-DT_2022-06-01_to_2022-10-31.csv\"\r\n","emailsOutputPath = \"abfss://output@<your-storage>.dfs.core.windows.net/emails-DT_2022-06-01_to_2022-10-31.csv\"\r\n","teamschatsOutputPath = \"abfss://output@<your-storage>.dfs.core.windows.net/teamschats-DT_2022-06-01_to_2022-10-31.csv\"\r\n","callsOutputPath = \"abfss://output@<your-storage>.dfs.core.windows.net/calls-DT_2022-06-01_to_2022-10-31.csv\"\r\n","\r\n","meetingsParticipantsOutputPath = \"abfss://output@<your-storage>.dfs.core.windows.net/meetingsParticipants-DT_2022-06-01_to_2022-10-31.csv\"\r\n","emailsParticipantsOutputPath = \"abfss://output@<your-storage>.dfs.core.windows.net/emailsParticipants-DT_2022-06-01_to_2022-10-31.csv\"\r\n","teamschatsParticipantsOutputPath = \"abfss://output@<your-storage>.dfs.core.windows.net/teamschatsParticipants-DT_2022-06-01_to_2022-10-31.csv\"\r\n","callsParticipantsOutputPath = \"abfss://output@<your-storage>.dfs.core.windows.net/callsParticipants-DT_2022-06-01_to_2022-10-31.csv\"\r\n","\r\n","# StartDate/EndDate for this run that is denormalized to users and interactions tables\r\n","period = \"2022-06-01 to 2022-10-31\""],"outputs":[{"output_type":"display_data","data":{"application/vnd.livy.statement-meta+json":{"spark_pool":"onasynapsepool","session_id":"9","statement_id":12,"state":"finished","livy_statement_state":"available","queued_time":"2023-02-10T00:45:59.6799739Z","session_start_time":null,"execution_start_time":"2023-02-10T00:45:59.8290654Z","execution_finish_time":"2023-02-10T00:46:00.0332723Z","spark_jobs":null},"text/plain":"StatementMeta(onasynapsepool, 9, 12, Finished, Available)"},"metadata":{}}],"execution_count":42},{"cell_type":"code","metadata":{"microsoft":{},"collapsed":false},"source":["# Load data\r\n","areEmailsLoaded = False\r\n","areMeetingsLoaded = False\r\n","areTeamsCallsLoaded = False\r\n","areTeamsChatsLoaded = False\r\n","\r\n","try:\r\n","    emailsRaw = spark.read.json(emailPath)\r\n","    areEmailsLoaded = True\r\n","except (Exception) as error:\r\n","    print(error)\r\n","    print(\"Emails data not loaded, continuing without emails\")\r\n","\r\n","try:\r\n","    meetingsRaw = spark.read.json(calendarPath)\r\n","    areMeetingsLoaded = True\r\n","except (Exception) as error:\r\n","    print(error)\r\n","    print(\"Calendar data not loaded, continuing without meetings\")\r\n","\r\n","try:\r\n","    callsRaw = spark.read.json(callsPath)\r\n","    areTeamsChatsLoaded = True\r\n","except (Exception) as error:\r\n","    print(error)\r\n","    print(\"TeamsCalls data not loaded, continuing without calls\")\r\n","\r\n","try:\r\n","    teamsChatsRaw = spark.read.json(teamsChatPath)\r\n","    areTeamsChatsLoaded = True\r\n","except (Exception) as error:\r\n","    print(error)\r\n","    print(\"TeamsChats data not loaded, continuing without messages\")\r\n","\r\n","try:\r\n","    usersRaw = spark.read.json(userPath)\r\n","except (Exception) as error:\r\n","    print(error)\r\n","    raise Exception(\"Users data not loaded, check the path and whether the extraction has data\")"],"outputs":[{"output_type":"display_data","data":{"application/vnd.livy.statement-meta+json":{"spark_pool":"onasynapsepool","session_id":"9","statement_id":13,"state":"finished","livy_statement_state":"available","queued_time":"2023-02-10T00:45:59.7652247Z","session_start_time":null,"execution_start_time":"2023-02-10T00:46:00.1740262Z","execution_finish_time":"2023-02-10T00:46:02.052959Z","spark_jobs":null},"text/plain":"StatementMeta(onasynapsepool, 9, 13, Finished, Available)"},"metadata":{}},{"name":"stdout","output_type":"stream","text":"Path does not exist: abfss://mgdc@onastoreqow3pn6tamstg.dfs.core.windows.net/asdfcalendar_2022-06-01_to_2022-10-31\nCalendar data not loaded, continuing without meetings\n"}],"execution_count":43},{"cell_type":"code","metadata":{"jupyter":{"source_hidden":false,"outputs_hidden":false},"nteract":{"transient":{"deleting":false}},"collapsed":false},"source":["# Drop duplicates\r\n","usersDedup = usersRaw.dropDuplicates([\"puser\"])\r\n","if areEmailsLoaded:\r\n","    emailsDedup = emailsRaw.dropDuplicates([\"Id\"])\r\n","if areTeamsChatsLoaded:\r\n","    teamsChatsDedup = teamsChatsRaw.dropDuplicates([\"Id\"])\r\n","if areMeetingsLoaded:\r\n","    meetingsDedup = meetingsRaw.dropDuplicates([\"Id\"])\r\n","if areTeamsCallsLoaded:\r\n","    callsDedup = callsRaw.dropDuplicates([\"CommunicationID\"])"],"outputs":[{"output_type":"display_data","data":{"application/vnd.livy.statement-meta+json":{"spark_pool":"onasynapsepool","session_id":"9","statement_id":14,"state":"finished","livy_statement_state":"available","queued_time":"2023-02-10T00:45:59.929288Z","session_start_time":null,"execution_start_time":"2023-02-10T00:46:02.2008051Z","execution_finish_time":"2023-02-10T00:46:02.3630676Z","spark_jobs":null},"text/plain":"StatementMeta(onasynapsepool, 9, 14, Finished, Available)"},"metadata":{}}],"execution_count":44},{"cell_type":"code","metadata":{"jupyter":{"source_hidden":false,"outputs_hidden":false},"nteract":{"transient":{"deleting":false}}},"source":["from pyspark.sql.functions import coalesce, col, explode, lit, size, array_union, array, split, minute\r\n","import pyspark.sql.functions as F\r\n","from pyspark.sql import types as t"],"outputs":[{"output_type":"display_data","data":{"application/vnd.livy.statement-meta+json":{"spark_pool":"onasynapsepool","session_id":"9","statement_id":15,"state":"finished","livy_statement_state":"available","queued_time":"2023-02-10T00:46:00.3706714Z","session_start_time":null,"execution_start_time":"2023-02-10T00:46:02.5143678Z","execution_finish_time":"2023-02-10T00:46:02.6810011Z","spark_jobs":null},"text/plain":"StatementMeta(onasynapsepool, 9, 15, Finished, Available)"},"metadata":{}}],"execution_count":45},{"cell_type":"code","metadata":{"jupyter":{"source_hidden":false,"outputs_hidden":false},"nteract":{"transient":{"deleting":false}},"collapsed":false},"source":["# Get the user email addresses and filter emails, teamschat, calls, and meetings to only contain edges with those users\r\n","usersEmailAddresses = usersDedup.selectExpr(\"lower(mail) as userID\")\r\n","usersDisplayNames = usersDedup.selectExpr(\"lower(DisplayName) as name\")"],"outputs":[{"output_type":"display_data","data":{"application/vnd.livy.statement-meta+json":{"spark_pool":"onasynapsepool","session_id":"9","statement_id":16,"state":"finished","livy_statement_state":"available","queued_time":"2023-02-10T00:46:00.7049285Z","session_start_time":null,"execution_start_time":"2023-02-10T00:46:02.8086888Z","execution_finish_time":"2023-02-10T00:46:02.9700594Z","spark_jobs":null},"text/plain":"StatementMeta(onasynapsepool, 9, 16, Finished, Available)"},"metadata":{}}],"execution_count":46},{"cell_type":"code","metadata":{"jupyter":{"source_hidden":false,"outputs_hidden":false},"nteract":{"transient":{"deleting":false}},"collapsed":false},"source":["if areEmailsLoaded:\r\n","    # Emails - Dedup\r\n","    emails = emailsDedup.select(col(\"id\"), F.lower(col(\"Sender.EmailAddress.Address\")).alias(\"sender\"), col(\"createdDateTime\"), col(\"importance\"), col(\"receivedDateTime\"), col(\"sentDateTime\"), col(\"conversationId\"), col(\"isRead\"), col(\"isDraft\"), size(array_union(col(\"ToRecipients\"),col(\"ccRecipients\"))).alias(\"NumberOfRecipients\")) \r\n","\r\n","    # Emails - Explode row with one sender -> N recipients into N rows\r\n","    emailsParticipants = emailsDedup.select(col(\"id\").alias(\"mailID\"), F.lower(col(\"Sender.EmailAddress.Address\")).alias(\"sender\"), explode(array_union(col(\"ToRecipients\"),col(\"ccRecipients\"))).alias(\"Recipients\")) \\\r\n","                         .join(usersEmailAddresses, col(\"userID\") == col(\"sender\"), \"inner\").drop(\"userID\") \\\r\n","                         .join(usersEmailAddresses, col(\"userID\") == F.lower(col(\"Recipients.EmailAddress.Address\")), \"inner\").drop(\"userID\") \\\r\n","                         .withColumn(\"participant\", F.lower(col(\"Recipients.EmailAddress.Address\"))).drop(\"Recipients\") \\\r\n","                         .where(col(\"sender\") != col(\"participant\"))"],"outputs":[{"output_type":"display_data","data":{"application/vnd.livy.statement-meta+json":{"spark_pool":"onasynapsepool","session_id":"9","statement_id":17,"state":"finished","livy_statement_state":"available","queued_time":"2023-02-10T00:46:00.8875813Z","session_start_time":null,"execution_start_time":"2023-02-10T00:46:03.097115Z","execution_finish_time":"2023-02-10T00:46:03.2823644Z","spark_jobs":null},"text/plain":"StatementMeta(onasynapsepool, 9, 17, Finished, Available)"},"metadata":{}}],"execution_count":47},{"cell_type":"code","metadata":{"jupyter":{"source_hidden":false,"outputs_hidden":false},"nteract":{"transient":{"deleting":false}},"collapsed":false},"source":["if areTeamsChatsLoaded:\r\n","    # TeamsChats - Dedup\r\n","    teamsChats = teamsChatsDedup.select(col(\"id\"), col(\"ConversationId\"), F.lower(col(\"Sender.EmailAddress.Address\")).alias(\"sender\"), col(\"ReceivedDateTime\"), col(\"SentDateTime\"), size(array_union(col(\"ToRecipients\"),array(col(\"Sender\")))).alias(\"TotalParticipants\")) \r\n","\r\n","    # TeamsChats - Explode row with one sender -> N recipients into N rows\r\n","    teamsChatsParticipants = teamsChatsDedup.select(col(\"id\").alias(\"chatID\"), F.lower(col(\"Sender.EmailAddress.Address\")).alias(\"sender\"), explode(col(\"ToRecipients\")).alias(\"Recipients\")) \\\r\n","                        .join(usersEmailAddresses, col(\"userID\") == col(\"sender\"), \"inner\").drop(\"userID\") \\\r\n","                        .join(usersEmailAddresses, col(\"userID\") == F.lower(col(\"Recipients.EmailAddress.Address\")), \"inner\").drop(\"userID\") \\\r\n","                        .withColumn(\"participant\", F.lower(col(\"Recipients.EmailAddress.Address\"))).drop(\"Recipients\") \\\r\n","                        .where(col(\"sender\") != col(\"participant\"))"],"outputs":[{"output_type":"display_data","data":{"application/vnd.livy.statement-meta+json":{"spark_pool":"onasynapsepool","session_id":"9","statement_id":18,"state":"finished","livy_statement_state":"available","queued_time":"2023-02-10T00:46:01.0220187Z","session_start_time":null,"execution_start_time":"2023-02-10T00:46:03.4361762Z","execution_finish_time":"2023-02-10T00:46:03.597403Z","spark_jobs":null},"text/plain":"StatementMeta(onasynapsepool, 9, 18, Finished, Available)"},"metadata":{}}],"execution_count":48},{"cell_type":"code","metadata":{"jupyter":{"source_hidden":false,"outputs_hidden":false},"nteract":{"transient":{"deleting":false}},"collapsed":false},"source":["if areMeetingsLoaded:\r\n","    # Meetings - Dedup\r\n","    meetings = meetingsDedup.select(col(\"id\"), col(\"iCalUId\"), F.lower(col(\"organizer.EmailAddress.Address\")).alias(\"sender\"), col(\"createdDateTime\"), col(\"start.dateTime\").alias(\"startDateTime\"), col(\"end.dateTime\").alias(\"endDateTime\"), (minute(col(\"end.dateTime\"))-minute(col(\"start.dateTime\"))).alias(\"DurationInMinutes\"), col(\"importance\"), col(\"isCancelled\"), col(\"isOrganizer\"), col(\"type\"), size(col(\"attendees\")).alias(\"TotalAttendees\")) \r\n","\r\n","    # Meetings - Explode row with one sender -> N recipients into N rows\r\n","    meetingsParticipants = meetingsDedup.select(col(\"id\").alias(\"meetingID\"), F.lower(col(\"organizer.EmailAddress.Address\")).alias(\"organizer\"), explode(col(\"attendees\")).alias(\"Attendee\")) \\\r\n","                        .join(usersEmailAddresses, col(\"userID\") == col(\"organizer\"), \"inner\").drop(\"userID\") \\\r\n","                        .join(usersEmailAddresses, col(\"userID\") == F.lower(col(\"Attendee.EmailAddress.Address\")), \"inner\").drop(\"userID\") \\\r\n","                        .withColumn(\"participant\", F.lower(col(\"Attendee.EmailAddress.Address\"))) \\\r\n","                        .withColumn(\"participantResponse\", split(F.lower(col(\"Attendee.Status.response\")),\"'\")[1]) \\\r\n","                        .withColumn(\"participantType\", split(F.lower(col(\"Attendee.type\")),\"'\")[1]).drop(\"Attendee\") \\\r\n","                        .where(col(\"organizer\") != col(\"participant\"))"],"outputs":[{"output_type":"display_data","data":{"application/vnd.livy.statement-meta+json":{"spark_pool":"onasynapsepool","session_id":"9","statement_id":19,"state":"finished","livy_statement_state":"available","queued_time":"2023-02-10T00:46:01.1293002Z","session_start_time":null,"execution_start_time":"2023-02-10T00:46:03.7185677Z","execution_finish_time":"2023-02-10T00:46:03.8755401Z","spark_jobs":null},"text/plain":"StatementMeta(onasynapsepool, 9, 19, Finished, Available)"},"metadata":{}}],"execution_count":49},{"cell_type":"code","metadata":{"jupyter":{"source_hidden":false,"outputs_hidden":false},"nteract":{"transient":{"deleting":false}},"collapsed":false},"source":["if areTeamsCallsLoaded:\r\n","    # Calls - Dedup\r\n","    calls = callsDedup.select(col(\"Id\"), col(\"CommunicationId\"), col(\"ICalUId\"), col(\"CommunicationType\"), col(\"CommunicationSubType\"), F.lower(col(\"Organizer.DisplayName\")).alias(\"Organizer\"), F.lower(col(\"Organizer.userAADObjectId\")).alias(\"OrganizerId\"), col(\"CreatedDateTime\"), col(\"EndTime\"), col(\"StartTime\"), (minute(col(\"EndTime\"))-minute(col(\"StartTime\"))).alias(\"DurationInMinutes\"), col(\"ThreadId\"), size(col(\"Attendees\")).alias(\"TotalAttendees\")) \r\n","\r\n","    # Calls - Explode row with one sender -> N recipients into N rows\r\n","    callsParticipants = callsDedup.select(col(\"CommunicationId\").alias(\"callID\"), F.lower(col(\"Organizer.DisplayName\")).alias(\"Organizer\"), explode(col(\"Attendees\")).alias(\"Attendee\")) \\\r\n","                        .join(usersDisplayNames, col(\"name\") == col(\"Organizer\"), \"inner\").drop(\"name\") \\\r\n","                        .join(usersDisplayNames, col(\"name\") == F.lower(col(\"Attendee.DisplayName\")), \"inner\").drop(\"name\") \\\r\n","                        .withColumn(\"Participant\", F.lower(col(\"Attendee.DisplayName\"))).drop(\"Attendee\") \\\r\n","                        .where(col(\"Organizer\") != col(\"Participant\"))"],"outputs":[{"output_type":"display_data","data":{"application/vnd.livy.statement-meta+json":{"spark_pool":"onasynapsepool","session_id":"9","statement_id":20,"state":"finished","livy_statement_state":"available","queued_time":"2023-02-10T00:46:01.2749448Z","session_start_time":null,"execution_start_time":"2023-02-10T00:46:04.2473049Z","execution_finish_time":"2023-02-10T00:46:04.4074772Z","spark_jobs":null},"text/plain":"StatementMeta(onasynapsepool, 9, 20, Finished, Available)"},"metadata":{}}],"execution_count":50},{"cell_type":"code","metadata":{"jupyter":{"source_hidden":false,"outputs_hidden":false},"nteract":{"transient":{"deleting":false}},"collapsed":false},"source":["# Select user properties for output\r\n","usersDedup = usersDedup.withColumn(\"EmailAddress\", F.lower(col(\"mail\")))\r\n","usersRenamed = usersDedup.selectExpr(\"id as id\",  \"displayName as Name\", \"EmailAddress\", \"department as Department\", \"jobTitle as Title\", \"state as StateOrProvince\",\r\n","                                     \"country as Country\",\"preferredLanguage as Languages\",\"ptenant as TenantID\")"],"outputs":[{"output_type":"display_data","data":{"application/vnd.livy.statement-meta+json":{"spark_pool":"onasynapsepool","session_id":"9","statement_id":21,"state":"finished","livy_statement_state":"available","queued_time":"2023-02-10T00:46:01.3756939Z","session_start_time":null,"execution_start_time":"2023-02-10T00:46:04.5436517Z","execution_finish_time":"2023-02-10T00:46:04.7032217Z","spark_jobs":null},"text/plain":"StatementMeta(onasynapsepool, 9, 21, Finished, Available)"},"metadata":{}}],"execution_count":51},{"cell_type":"code","metadata":{"jupyter":{"source_hidden":false,"outputs_hidden":false},"nteract":{"transient":{"deleting":false}},"collapsed":false},"source":["# Output files\r\n","usersEnriched = usersRenamed.withColumn(\"Period\", lit(period))\r\n","usersEnriched.coalesce(1).write.option(\"header\", True).mode(\"overwrite\").csv(usersOutputPath)\r\n","\r\n","if areEmailsLoaded:\r\n","    emailsEnriched = emails.withColumn(\"Period\", lit(period))\r\n","    emailsEnriched.coalesce(1).write.option(\"header\", True).mode(\"overwrite\").csv(emailsOutputPath)\r\n","    emailsParticipants.coalesce(1).write.option(\"header\", True).mode(\"overwrite\").csv(emailsParticipantsOutputPath)\r\n","\r\n","if areMeetingsLoaded:\r\n","    meetingsEnriched = meetings.withColumn(\"Period\", lit(period))\r\n","    meetingsEnriched.coalesce(1).write.option(\"header\", True).mode(\"overwrite\").csv(meetingsOutputPath)\r\n","    meetingsParticipants.coalesce(1).write.option(\"header\", True).mode(\"overwrite\").csv(meetingsParticipantsOutputPath)\r\n","\r\n","if areTeamsChatsLoaded:\r\n","    teamsChatsEnriched = teamsChats.withColumn(\"Period\", lit(period))\r\n","    teamsChatsEnriched.coalesce(1).write.option(\"header\", True).mode(\"overwrite\").csv(teamschatsOutputPath)\r\n","    teamsChatsParticipants.coalesce(1).write.option(\"header\", True).mode(\"overwrite\").csv(teamschatsParticipantsOutputPath)\r\n","\r\n","if areTeamsCallsLoaded:\r\n","    callsEnriched = calls.withColumn(\"Period\", lit(period))\r\n","    callsEnriched.coalesce(1).write.option(\"header\", True).mode(\"overwrite\").csv(callsOutputPath)\r\n","    callsParticipants.coalesce(1).write.option(\"header\", True).mode(\"overwrite\").csv(callsParticipantsOutputPath)"],"outputs":[{"output_type":"display_data","data":{"application/vnd.livy.statement-meta+json":{"spark_pool":"onasynapsepool","session_id":"9","statement_id":22,"state":"finished","livy_statement_state":"available","queued_time":"2023-02-10T00:46:01.5187579Z","session_start_time":null,"execution_start_time":"2023-02-10T00:46:04.8454182Z","execution_finish_time":"2023-02-10T00:46:22.048887Z","spark_jobs":null},"text/plain":"StatementMeta(onasynapsepool, 9, 22, Finished, Available)"},"metadata":{}}],"execution_count":52}]},"dependsOn":[]},{"name":"[concat(parameters('workspaceName'), '/onasynapsepool')]","type":"Microsoft.Synapse/workspaces/bigDataPools","apiVersion":"2019-06-01-preview","properties":{"autoPause":{"enabled":true,"delayInMinutes":15},"autoScale":{"enabled":true,"maxNodeCount":10,"minNodeCount":3},"nodeCount":0,"nodeSize":"Small","nodeSizeFamily":"MemoryOptimized","sparkVersion":"3.1","isComputeIsolationEnabled":false,"sessionLevelPackagesEnabled":true,"annotations":[]},"dependsOn":[],"location":"eastus"},{"name":"[concat(parameters('workspaceName'), '/Microsoft365UserTable')]","type":"Microsoft.Synapse/workspaces/datasets","apiVersion":"2019-06-01-preview","properties":{"linkedServiceName":{"referenceName":"[parameters('Microsoft3651')]","type":"LinkedServiceReference"},"annotations":[],"type":"Office365Table","schema":[],"typeProperties":{"tableName":"BasicDataSet_v0.User_v1"}},"dependsOn":[]},{"name":"[concat(parameters('workspaceName'), '/UserSink')]","type":"Microsoft.Synapse/workspaces/datasets","apiVersion":"2019-06-01-preview","properties":{"linkedServiceName":{"referenceName":"[parameters('AzureDataLakeStorage1')]","type":"LinkedServiceReference"},"parameters":{"FolderName":{"type":"string"}},"annotations":[],"type":"Binary","typeProperties":{"location":{"type":"AzureBlobFSLocation","folderPath":{"value":"@dataset().FolderName","type":"Expression"},"fileSystem":"mgdc"}}},"dependsOn":[]},{"name":"[concat(parameters('workspaceName'), '/Microsoft365EmailTable')]","type":"Microsoft.Synapse/workspaces/datasets","apiVersion":"2019-06-01-preview","properties":{"linkedServiceName":{"referenceName":"[parameters('Microsoft3651')]","type":"LinkedServiceReference"},"annotations":[],"type":"Office365Table","schema":[],"typeProperties":{"tableName":"BasicDataSet_v0.Message_v1"}},"dependsOn":[]},{"name":"[concat(parameters('workspaceName'), '/EmailSink')]","type":"Microsoft.Synapse/workspaces/datasets","apiVersion":"2019-06-01-preview","properties":{"linkedServiceName":{"referenceName":"[parameters('AzureDataLakeStorage1')]","type":"LinkedServiceReference"},"parameters":{"FolderName":{"type":"string"}},"annotations":[],"type":"Binary","typeProperties":{"location":{"type":"AzureBlobFSLocation","folderPath":{"value":"@dataset().FolderName","type":"Expression"},"fileSystem":"mgdc"}}},"dependsOn":[]},{"name":"[concat(parameters('workspaceName'), '/Microsoft365TeamsChatTable')]","type":"Microsoft.Synapse/workspaces/datasets","apiVersion":"2019-06-01-preview","properties":{"linkedServiceName":{"referenceName":"[parameters('Microsoft3651')]","type":"LinkedServiceReference"},"annotations":[],"type":"Office365Table","schema":[],"typeProperties":{"tableName":"BasicDataSet_v0.TeamChat_v1"}},"dependsOn":[]},{"name":"[concat(parameters('workspaceName'), '/TeamsChatSink')]","type":"Microsoft.Synapse/workspaces/datasets","apiVersion":"2019-06-01-preview","properties":{"linkedServiceName":{"referenceName":"[parameters('AzureDataLakeStorage1')]","type":"LinkedServiceReference"},"parameters":{"FolderName":{"type":"string"}},"annotations":[],"type":"Binary","typeProperties":{"location":{"type":"AzureBlobFSLocation","folderPath":{"value":"@dataset().FolderName","type":"Expression"},"fileSystem":"mgdc"}}},"dependsOn":[]},{"name":"[concat(parameters('workspaceName'), '/Microsoft365CalendarTable')]","type":"Microsoft.Synapse/workspaces/datasets","apiVersion":"2019-06-01-preview","properties":{"linkedServiceName":{"referenceName":"[parameters('Microsoft3651')]","type":"LinkedServiceReference"},"annotations":[],"type":"Office365Table","schema":[],"typeProperties":{"tableName":"BasicDataSet_v0.CalendarView_v0"}},"dependsOn":[]},{"name":"[concat(parameters('workspaceName'), '/CalendarSink')]","type":"Microsoft.Synapse/workspaces/datasets","apiVersion":"2019-06-01-preview","properties":{"linkedServiceName":{"referenceName":"[parameters('AzureDataLakeStorage1')]","type":"LinkedServiceReference"},"parameters":{"FolderName":{"type":"string"}},"annotations":[],"type":"Binary","typeProperties":{"location":{"type":"AzureBlobFSLocation","folderPath":{"value":"@dataset().FolderName","type":"Expression"},"fileSystem":"mgdc"}}},"dependsOn":[]},{"name":"[concat(parameters('workspaceName'), '/Microsoft365Table1')]","type":"Microsoft.Synapse/workspaces/datasets","apiVersion":"2019-06-01-preview","properties":{"linkedServiceName":{"referenceName":"[parameters('Microsoft3651')]","type":"LinkedServiceReference"},"annotations":[],"type":"Office365Table","schema":[],"typeProperties":{"tableName":"BasicDataSet_v0.TeamsCallRecords_v1"}},"dependsOn":[]},{"name":"[concat(parameters('workspaceName'), '/TeamsCallsSink')]","type":"Microsoft.Synapse/workspaces/datasets","apiVersion":"2019-06-01-preview","properties":{"linkedServiceName":{"referenceName":"[parameters('AzureDataLakeStorage1')]","type":"LinkedServiceReference"},"parameters":{"FolderName":{"type":"string"}},"annotations":[],"type":"Binary","typeProperties":{"location":{"type":"AzureBlobFSLocation","folderPath":{"value":"@dataset().FolderName","type":"Expression"},"fileSystem":"mgdc"}}},"dependsOn":[]}]}